iteration,partition_count,avg_partition_size,folding_moves_attempted,folding_moves_accepted,partition_moves_attempted,partition_moves_accepted
0,1,5.0,88,0,12,0
1,4,1.25,89,0,11,0
2,4,1.25,88,0,12,0
3,2,2.5,97,0,3,0
4,2,2.5,88,0,12,0
5,2,2.5,93,0,7,0
6,1,5.0,92,0,8,0
7,1,5.0,90,0,10,0
8,3,1.6666666666666667,89,89,11,11
9,2,2.5,94,0,6,0
10,1,5.0,90,0,10,0
11,2,2.5,95,95,5,5
12,2,2.5,91,0,9,0
13,2,2.5,88,0,12,0
14,1,5.0,93,0,7,0
15,2,2.5,91,91,9,9
16,1,5.0,86,0,14,0
17,1,5.0,89,0,11,0
18,1,5.0,87,87,13,13
19,2,2.5,93,0,7,0
20,2,2.5,92,0,8,0
21,2,2.5,89,0,11,0
22,2,2.5,89,0,11,0
23,3,1.6666666666666667,94,0,6,0
24,1,5.0,91,0,9,0
25,3,1.6666666666666667,87,0,13,0
26,2,2.5,92,0,8,0
27,3,1.6666666666666667,94,0,6,0
28,2,2.5,95,95,5,5
29,2,2.5,89,89,11,11
30,1,5.0,87,0,13,0
31,4,1.25,86,0,14,0
32,2,2.5,92,0,8,0
33,2,2.5,91,91,9,9
34,2,2.5,92,0,8,0
35,3,1.6666666666666667,91,0,9,0
36,1,5.0,83,0,17,0
37,2,2.5,84,0,16,0
38,3,1.6666666666666667,89,0,11,0
39,3,1.6666666666666667,89,0,11,0
40,1,5.0,90,0,10,0
41,2,2.5,88,0,12,0
42,4,1.25,86,0,14,0
43,2,2.5,92,0,8,0
44,1,5.0,94,0,6,0
45,1,5.0,94,0,6,0
46,2,2.5,91,0,9,0
47,1,5.0,95,95,5,5
48,1,5.0,94,0,6,0
49,1,5.0,93,0,7,0
50,2,2.5,88,0,12,0
51,3,1.6666666666666667,88,0,12,0
52,2,2.5,87,0,13,0
53,2,2.5,92,0,8,0
54,2,2.5,90,0,10,0
55,3,1.6666666666666667,94,94,6,6
56,5,1.0,88,0,12,0
57,3,1.6666666666666667,92,0,8,0
58,4,1.25,90,0,10,0
59,2,2.5,93,0,7,0
60,2,2.5,88,0,12,0
61,1,5.0,92,92,8,8
62,1,5.0,94,0,6,0
63,2,2.5,88,88,12,12
64,5,1.0,85,0,15,0
65,3,1.6666666666666667,88,0,12,0
66,2,2.5,91,91,9,9
67,3,1.6666666666666667,91,0,9,0
68,4,1.25,90,0,10,0
69,1,5.0,91,0,9,0
70,1,5.0,94,0,6,0
71,1,5.0,91,0,9,0
72,1,5.0,91,0,9,0
73,2,2.5,94,0,6,0
74,1,5.0,89,0,11,0
75,1,5.0,92,0,8,0
76,3,1.6666666666666667,89,0,11,0
77,2,2.5,92,92,8,8
78,1,5.0,90,0,10,0
79,3,1.6666666666666667,92,92,8,8
80,2,2.5,88,0,12,0
81,1,5.0,85,85,15,15
82,2,2.5,93,0,7,0
83,2,2.5,90,0,10,0
84,1,5.0,90,0,10,0
85,1,5.0,94,0,6,0
86,4,1.25,86,86,14,14
87,2,2.5,95,95,5,5
88,4,1.25,90,0,10,0
89,2,2.5,91,0,9,0
90,3,1.6666666666666667,91,0,9,0
91,1,5.0,89,0,11,0
92,1,5.0,94,0,6,0
93,3,1.6666666666666667,85,0,15,0
94,2,2.5,81,0,19,0
95,5,1.0,87,0,13,0
96,3,1.6666666666666667,93,0,7,0
97,3,1.6666666666666667,89,0,11,0
98,2,2.5,90,0,10,0
99,4,1.25,97,97,3,3
100,1,5.0,92,92,8,8
101,4,1.25,93,0,7,0
102,4,1.25,90,0,10,0
103,2,2.5,89,0,11,0
104,2,2.5,89,0,11,0
105,5,1.0,91,0,9,0
106,4,1.25,95,0,5,0
107,3,1.6666666666666667,90,0,10,0
108,2,2.5,93,93,7,7
109,1,5.0,93,0,7,0
110,4,1.25,92,0,8,0
111,2,2.5,90,0,10,0
112,2,2.5,86,0,14,0
113,2,2.5,89,0,11,0
114,1,5.0,87,0,13,0
115,1,5.0,86,0,14,0
116,1,5.0,91,0,9,0
117,3,1.6666666666666667,89,0,11,0
118,2,2.5,91,0,9,0
119,2,2.5,90,90,10,10
120,2,2.5,91,0,9,0
121,4,1.25,91,0,9,0
122,2,2.5,88,0,12,0
123,3,1.6666666666666667,90,0,10,0
124,2,2.5,92,92,8,8
125,2,2.5,88,0,12,0
126,1,5.0,91,0,9,0
127,2,2.5,89,0,11,0
128,3,1.6666666666666667,89,89,11,11
129,1,5.0,87,0,13,0
130,2,2.5,89,0,11,0
131,3,1.6666666666666667,92,92,8,8
132,1,5.0,89,0,11,0
133,5,1.0,88,0,12,0
134,3,1.6666666666666667,89,0,11,0
135,1,5.0,89,0,11,0
136,3,1.6666666666666667,83,0,17,0
137,4,1.25,92,0,8,0
138,3,1.6666666666666667,93,93,7,7
139,2,2.5,89,0,11,0
140,2,2.5,92,0,8,0
141,1,5.0,84,0,16,0
142,4,1.25,89,89,11,11
143,2,2.5,92,0,8,0
144,2,2.5,89,0,11,0
145,4,1.25,86,0,14,0
146,3,1.6666666666666667,94,0,6,0
147,4,1.25,92,0,8,0
148,1,5.0,93,0,7,0
149,5,1.0,84,0,16,0
150,1,5.0,90,90,10,10
151,2,2.5,94,0,6,0
152,4,1.25,87,0,13,0
153,1,5.0,90,0,10,0
154,3,1.6666666666666667,92,0,8,0
155,1,5.0,89,0,11,0
156,1,5.0,90,0,10,0
157,3,1.6666666666666667,96,0,4,0
158,3,1.6666666666666667,82,0,18,0
159,1,5.0,88,0,12,0
160,1,5.0,88,0,12,0
161,4,1.25,89,0,11,0
162,2,2.5,92,0,8,0
163,2,2.5,92,0,8,0
164,1,5.0,85,0,15,0
165,2,2.5,89,0,11,0
166,4,1.25,85,0,15,0
167,3,1.6666666666666667,95,0,5,0
168,1,5.0,91,0,9,0
169,1,5.0,86,0,14,0
170,1,5.0,95,95,5,5
171,1,5.0,82,82,18,18
172,5,1.0,87,0,13,0
173,1,5.0,83,0,17,0
174,1,5.0,90,0,10,0
175,2,2.5,88,0,12,0
176,2,2.5,89,0,11,0
177,2,2.5,94,0,6,0
178,1,5.0,89,0,11,0
179,2,2.5,90,0,10,0
180,3,1.6666666666666667,85,0,15,0
181,1,5.0,91,0,9,0
182,2,2.5,94,0,6,0
183,5,1.0,89,0,11,0
184,2,2.5,87,0,13,0
185,3,1.6666666666666667,92,0,8,0
186,2,2.5,92,0,8,0
187,1,5.0,88,88,12,12
188,4,1.25,88,0,12,0
189,1,5.0,89,0,11,0
190,1,5.0,91,0,9,0
191,1,5.0,91,0,9,0
192,1,5.0,90,0,10,0
193,2,2.5,90,0,10,0
194,2,2.5,90,90,10,10
195,3,1.6666666666666667,89,0,11,0
196,1,5.0,87,87,13,13
197,1,5.0,90,0,10,0
198,4,1.25,90,0,10,0
199,1,5.0,89,0,11,0
200,2,2.5,90,0,10,0
201,1,5.0,94,0,6,0
202,1,5.0,88,88,12,12
203,2,2.5,91,0,9,0
204,1,5.0,87,0,13,0
205,2,2.5,92,0,8,0
206,1,5.0,89,0,11,0
207,3,1.6666666666666667,90,0,10,0
208,3,1.6666666666666667,87,0,13,0
209,2,2.5,93,0,7,0
210,4,1.25,88,0,12,0
211,1,5.0,91,91,9,9
212,1,5.0,94,0,6,0
213,5,1.0,91,0,9,0
214,5,1.0,90,0,10,0
215,2,2.5,89,0,11,0
216,2,2.5,89,89,11,11
217,1,5.0,90,0,10,0
218,2,2.5,85,0,15,0
219,1,5.0,97,0,3,0
220,1,5.0,90,0,10,0
221,1,5.0,93,93,7,7
222,3,1.6666666666666667,88,0,12,0
223,1,5.0,93,0,7,0
224,3,1.6666666666666667,91,0,9,0
225,1,5.0,88,0,12,0
226,3,1.6666666666666667,92,0,8,0
227,1,5.0,91,0,9,0
228,1,5.0,88,0,12,0
229,3,1.6666666666666667,87,0,13,0
230,1,5.0,89,0,11,0
231,2,2.5,93,93,7,7
232,2,2.5,88,0,12,0
233,3,1.6666666666666667,90,0,10,0
234,2,2.5,94,0,6,0
235,5,1.0,95,0,5,0
236,2,2.5,93,0,7,0
237,4,1.25,84,0,16,0
238,2,2.5,88,0,12,0
239,2,2.5,91,0,9,0
240,3,1.6666666666666667,90,0,10,0
241,1,5.0,86,0,14,0
242,2,2.5,91,0,9,0
243,1,5.0,84,0,16,0
244,2,2.5,90,90,10,10
245,2,2.5,95,0,5,0
246,1,5.0,92,92,8,8
247,3,1.6666666666666667,90,0,10,0
248,3,1.6666666666666667,94,0,6,0
249,1,5.0,80,0,20,0
250,1,5.0,94,0,6,0
251,1,5.0,93,0,7,0
252,1,5.0,94,0,6,0
253,4,1.25,86,0,14,0
254,3,1.6666666666666667,89,0,11,0
255,1,5.0,85,0,15,0
256,2,2.5,88,0,12,0
257,2,2.5,91,0,9,0
258,2,2.5,88,0,12,0
259,1,5.0,87,0,13,0
260,3,1.6666666666666667,91,91,9,9
261,2,2.5,96,0,4,0
262,1,5.0,90,90,10,10
263,1,5.0,83,83,17,17
264,2,2.5,86,0,14,0
265,2,2.5,89,0,11,0
266,2,2.5,88,88,12,12
267,3,1.6666666666666667,89,0,11,0
268,1,5.0,83,0,17,0
269,2,2.5,89,0,11,0
270,5,1.0,87,0,13,0
271,3,1.6666666666666667,93,0,7,0
272,4,1.25,91,0,9,0
273,2,2.5,89,0,11,0
274,3,1.6666666666666667,87,0,13,0
275,1,5.0,85,0,15,0
276,2,2.5,94,0,6,0
277,4,1.25,95,0,5,0
278,4,1.25,90,0,10,0
279,2,2.5,95,95,5,5
280,1,5.0,90,0,10,0
281,3,1.6666666666666667,85,0,15,0
282,1,5.0,92,92,8,8
283,2,2.5,92,0,8,0
284,3,1.6666666666666667,89,89,11,11
285,1,5.0,85,0,15,0
286,3,1.6666666666666667,91,0,9,0
287,2,2.5,90,90,10,10
288,2,2.5,83,83,17,17
289,1,5.0,93,0,7,0
290,2,2.5,88,0,12,0
291,3,1.6666666666666667,91,0,9,0
292,2,2.5,87,0,13,0
293,2,2.5,94,0,6,0
294,1,5.0,93,93,7,7
295,3,1.6666666666666667,90,0,10,0
296,1,5.0,91,0,9,0
297,1,5.0,93,0,7,0
298,2,2.5,89,89,11,11
299,3,1.6666666666666667,93,0,7,0
300,3,1.6666666666666667,91,0,9,0
301,2,2.5,91,0,9,0
302,2,2.5,82,0,18,0
303,2,2.5,88,0,12,0
304,1,5.0,86,0,14,0
305,1,5.0,93,0,7,0
306,3,1.6666666666666667,93,0,7,0
307,3,1.6666666666666667,91,0,9,0
308,4,1.25,85,0,15,0
309,1,5.0,90,90,10,10
310,2,2.5,87,0,13,0
311,1,5.0,88,0,12,0
312,2,2.5,91,0,9,0
313,3,1.6666666666666667,88,0,12,0
314,1,5.0,87,0,13,0
315,2,2.5,91,0,9,0
316,2,2.5,87,0,13,0
317,1,5.0,94,0,6,0
318,1,5.0,92,0,8,0
319,1,5.0,96,0,4,0
320,4,1.25,92,0,8,0
321,1,5.0,89,0,11,0
322,3,1.6666666666666667,93,93,7,7
323,3,1.6666666666666667,87,0,13,0
324,3,1.6666666666666667,93,93,7,7
325,1,5.0,88,0,12,0
326,1,5.0,87,0,13,0
327,1,5.0,83,0,17,0
328,1,5.0,91,0,9,0
329,3,1.6666666666666667,89,0,11,0
330,3,1.6666666666666667,89,89,11,11
331,2,2.5,88,0,12,0
332,3,1.6666666666666667,86,0,14,0
333,2,2.5,94,0,6,0
334,1,5.0,91,91,9,9
335,3,1.6666666666666667,90,90,10,10
336,2,2.5,87,87,13,13
337,1,5.0,87,0,13,0
338,3,1.6666666666666667,92,0,8,0
339,1,5.0,95,0,5,0
340,2,2.5,91,0,9,0
341,1,5.0,90,0,10,0
342,2,2.5,94,0,6,0
343,3,1.6666666666666667,85,0,15,0
344,5,1.0,93,0,7,0
345,4,1.25,90,0,10,0
346,1,5.0,85,0,15,0
347,1,5.0,92,0,8,0
348,2,2.5,94,0,6,0
349,2,2.5,90,0,10,0
350,2,2.5,91,0,9,0
351,4,1.25,89,0,11,0
352,3,1.6666666666666667,90,0,10,0
353,3,1.6666666666666667,87,0,13,0
354,1,5.0,88,0,12,0
355,3,1.6666666666666667,93,0,7,0
356,2,2.5,92,0,8,0
357,3,1.6666666666666667,90,0,10,0
358,3,1.6666666666666667,93,0,7,0
359,2,2.5,94,0,6,0
360,1,5.0,89,0,11,0
361,1,5.0,87,0,13,0
362,3,1.6666666666666667,90,0,10,0
363,1,5.0,91,0,9,0
364,1,5.0,90,0,10,0
365,4,1.25,90,90,10,10
366,1,5.0,90,0,10,0
367,2,2.5,90,0,10,0
368,1,5.0,94,0,6,0
369,2,2.5,87,0,13,0
370,3,1.6666666666666667,86,0,14,0
371,4,1.25,84,0,16,0
372,4,1.25,92,0,8,0
373,3,1.6666666666666667,93,93,7,7
374,2,2.5,89,0,11,0
375,5,1.0,90,0,10,0
376,1,5.0,89,0,11,0
377,2,2.5,91,91,9,9
378,3,1.6666666666666667,88,0,12,0
379,3,1.6666666666666667,94,0,6,0
380,1,5.0,91,91,9,9
381,3,1.6666666666666667,89,0,11,0
382,2,2.5,87,0,13,0
383,2,2.5,92,0,8,0
384,1,5.0,88,88,12,12
385,3,1.6666666666666667,86,0,14,0
386,2,2.5,89,0,11,0
387,5,1.0,87,0,13,0
388,3,1.6666666666666667,90,0,10,0
389,2,2.5,92,0,8,0
390,2,2.5,91,0,9,0
391,1,5.0,92,0,8,0
392,1,5.0,92,92,8,8
393,3,1.6666666666666667,89,0,11,0
394,2,2.5,96,0,4,0
395,3,1.6666666666666667,88,0,12,0
396,2,2.5,88,0,12,0
397,4,1.25,94,0,6,0
398,2,2.5,93,93,7,7
399,2,2.5,88,88,12,12
400,3,1.6666666666666667,85,0,15,0
401,4,1.25,92,0,8,0
402,3,1.6666666666666667,85,0,15,0
403,3,1.6666666666666667,89,0,11,0
404,1,5.0,89,0,11,0
405,2,2.5,86,0,14,0
406,1,5.0,90,0,10,0
407,3,1.6666666666666667,83,83,17,17
408,3,1.6666666666666667,91,0,9,0
409,3,1.6666666666666667,84,0,16,0
410,1,5.0,89,0,11,0
411,2,2.5,90,0,10,0
412,2,2.5,91,0,9,0
413,2,2.5,92,92,8,8
414,1,5.0,96,0,4,0
415,1,5.0,95,0,5,0
416,4,1.25,86,0,14,0
417,2,2.5,92,0,8,0
418,1,5.0,93,0,7,0
419,5,1.0,89,0,11,0
420,4,1.25,91,0,9,0
421,2,2.5,90,0,10,0
422,1,5.0,92,0,8,0
423,4,1.25,90,0,10,0
424,3,1.6666666666666667,90,0,10,0
425,1,5.0,82,0,18,0
426,3,1.6666666666666667,87,87,13,13
427,4,1.25,89,0,11,0
428,3,1.6666666666666667,92,0,8,0
429,1,5.0,87,0,13,0
430,3,1.6666666666666667,89,0,11,0
431,2,2.5,91,0,9,0
432,4,1.25,96,0,4,0
433,1,5.0,92,0,8,0
434,3,1.6666666666666667,88,88,12,12
435,1,5.0,87,0,13,0
436,4,1.25,92,0,8,0
437,1,5.0,90,0,10,0
438,2,2.5,93,0,7,0
439,2,2.5,93,93,7,7
440,2,2.5,89,89,11,11
441,5,1.0,89,89,11,11
442,3,1.6666666666666667,93,93,7,7
443,1,5.0,88,0,12,0
444,2,2.5,92,0,8,0
445,1,5.0,88,88,12,12
446,5,1.0,93,0,7,0
447,1,5.0,90,0,10,0
448,1,5.0,91,91,9,9
449,2,2.5,92,92,8,8
450,2,2.5,88,0,12,0
451,4,1.25,92,0,8,0
452,2,2.5,91,91,9,9
453,1,5.0,90,0,10,0
454,3,1.6666666666666667,88,88,12,12
455,3,1.6666666666666667,88,0,12,0
456,2,2.5,87,0,13,0
457,1,5.0,88,88,12,12
458,3,1.6666666666666667,85,0,15,0
459,2,2.5,95,95,5,5
460,3,1.6666666666666667,88,0,12,0
461,1,5.0,86,0,14,0
462,4,1.25,86,0,14,0
463,1,5.0,91,0,9,0
464,3,1.6666666666666667,91,0,9,0
465,2,2.5,90,0,10,0
466,2,2.5,88,0,12,0
467,1,5.0,85,0,15,0
468,1,5.0,86,0,14,0
469,3,1.6666666666666667,87,0,13,0
470,3,1.6666666666666667,91,0,9,0
471,4,1.25,90,90,10,10
472,3,1.6666666666666667,91,0,9,0
473,3,1.6666666666666667,92,0,8,0
474,1,5.0,91,0,9,0
475,5,1.0,92,92,8,8
476,2,2.5,93,0,7,0
477,1,5.0,88,88,12,12
478,2,2.5,88,0,12,0
479,1,5.0,88,0,12,0
480,1,5.0,90,0,10,0
481,2,2.5,89,0,11,0
482,3,1.6666666666666667,88,0,12,0
483,3,1.6666666666666667,90,0,10,0
484,2,2.5,89,0,11,0
485,3,1.6666666666666667,90,0,10,0
486,3,1.6666666666666667,85,0,15,0
487,3,1.6666666666666667,91,0,9,0
488,3,1.6666666666666667,90,90,10,10
489,1,5.0,95,95,5,5
490,1,5.0,90,0,10,0
491,2,2.5,95,0,5,0
492,3,1.6666666666666667,88,0,12,0
493,3,1.6666666666666667,87,0,13,0
494,1,5.0,90,0,10,0
495,1,5.0,88,0,12,0
496,4,1.25,96,0,4,0
497,3,1.6666666666666667,91,0,9,0
498,3,1.6666666666666667,89,0,11,0
499,2,2.5,94,94,6,6
500,5,1.0,93,0,7,0
501,1,5.0,90,0,10,0
502,2,2.5,94,0,6,0
503,3,1.6666666666666667,89,0,11,0
504,1,5.0,91,0,9,0
505,3,1.6666666666666667,87,0,13,0
506,3,1.6666666666666667,89,0,11,0
507,1,5.0,86,0,14,0
508,1,5.0,88,0,12,0
509,2,2.5,91,0,9,0
510,1,5.0,89,0,11,0
511,2,2.5,87,87,13,13
512,1,5.0,92,92,8,8
513,3,1.6666666666666667,76,0,24,0
514,3,1.6666666666666667,92,92,8,8
515,1,5.0,84,0,16,0
516,2,2.5,86,0,14,0
517,2,2.5,93,0,7,0
518,3,1.6666666666666667,91,0,9,0
519,3,1.6666666666666667,94,0,6,0
520,1,5.0,91,0,9,0
521,1,5.0,90,0,10,0
522,2,2.5,90,0,10,0
523,3,1.6666666666666667,90,0,10,0
524,1,5.0,93,0,7,0
525,3,1.6666666666666667,89,0,11,0
526,1,5.0,93,0,7,0
527,3,1.6666666666666667,93,93,7,7
528,1,5.0,85,0,15,0
529,3,1.6666666666666667,92,0,8,0
530,4,1.25,89,0,11,0
531,3,1.6666666666666667,91,0,9,0
532,2,2.5,91,0,9,0
533,3,1.6666666666666667,92,0,8,0
534,2,2.5,87,0,13,0
535,2,2.5,90,0,10,0
536,5,1.0,86,86,14,14
537,3,1.6666666666666667,88,0,12,0
538,2,2.5,89,0,11,0
539,5,1.0,90,0,10,0
540,3,1.6666666666666667,88,0,12,0
541,5,1.0,91,0,9,0
542,2,2.5,88,88,12,12
543,3,1.6666666666666667,90,90,10,10
544,3,1.6666666666666667,87,0,13,0
545,3,1.6666666666666667,89,0,11,0
546,2,2.5,86,86,14,14
547,3,1.6666666666666667,90,0,10,0
548,1,5.0,85,85,15,15
549,2,2.5,90,0,10,0
550,3,1.6666666666666667,86,0,14,0
551,2,2.5,89,0,11,0
552,2,2.5,90,90,10,10
553,4,1.25,86,86,14,14
554,2,2.5,90,0,10,0
555,3,1.6666666666666667,89,0,11,0
556,2,2.5,86,0,14,0
557,1,5.0,89,0,11,0
558,2,2.5,91,0,9,0
559,3,1.6666666666666667,91,0,9,0
560,3,1.6666666666666667,91,91,9,9
561,1,5.0,90,0,10,0
562,1,5.0,94,0,6,0
563,1,5.0,87,0,13,0
564,2,2.5,85,0,15,0
565,2,2.5,86,0,14,0
566,1,5.0,91,0,9,0
567,1,5.0,91,0,9,0
568,1,5.0,90,0,10,0
569,1,5.0,89,0,11,0
570,1,5.0,91,0,9,0
571,1,5.0,87,0,13,0
572,1,5.0,88,0,12,0
573,3,1.6666666666666667,93,0,7,0
574,2,2.5,88,0,12,0
575,5,1.0,88,0,12,0
576,2,2.5,97,0,3,0
577,3,1.6666666666666667,88,0,12,0
578,3,1.6666666666666667,87,0,13,0
579,2,2.5,94,0,6,0
580,5,1.0,95,0,5,0
581,2,2.5,91,0,9,0
582,2,2.5,90,0,10,0
583,2,2.5,89,0,11,0
584,1,5.0,93,0,7,0
585,3,1.6666666666666667,90,90,10,10
586,3,1.6666666666666667,93,0,7,0
587,1,5.0,93,0,7,0
588,2,2.5,86,0,14,0
589,1,5.0,96,96,4,4
590,1,5.0,93,0,7,0
591,2,2.5,92,0,8,0
592,2,2.5,85,0,15,0
593,1,5.0,96,96,4,4
594,2,2.5,87,0,13,0
595,1,5.0,93,0,7,0
596,1,5.0,93,0,7,0
597,1,5.0,92,92,8,8
598,3,1.6666666666666667,89,0,11,0
599,1,5.0,91,0,9,0
600,2,2.5,91,0,9,0
601,1,5.0,90,0,10,0
602,2,2.5,88,0,12,0
603,1,5.0,87,0,13,0
604,2,2.5,91,91,9,9
605,1,5.0,91,91,9,9
606,1,5.0,94,0,6,0
607,1,5.0,84,84,16,16
608,2,2.5,90,0,10,0
609,3,1.6666666666666667,93,0,7,0
610,1,5.0,86,0,14,0
611,1,5.0,92,0,8,0
612,4,1.25,89,0,11,0
613,5,1.0,90,0,10,0
614,4,1.25,92,0,8,0
615,1,5.0,95,0,5,0
616,5,1.0,87,0,13,0
617,2,2.5,90,90,10,10
618,2,2.5,91,0,9,0
619,4,1.25,85,0,15,0
620,2,2.5,95,0,5,0
621,2,2.5,89,0,11,0
622,2,2.5,91,0,9,0
623,1,5.0,91,0,9,0
624,2,2.5,90,0,10,0
625,2,2.5,90,90,10,10
626,2,2.5,88,0,12,0
627,4,1.25,91,0,9,0
628,1,5.0,90,0,10,0
629,4,1.25,91,0,9,0
630,1,5.0,95,0,5,0
631,1,5.0,90,0,10,0
632,2,2.5,89,89,11,11
633,2,2.5,87,0,13,0
634,2,2.5,88,0,12,0
635,3,1.6666666666666667,92,0,8,0
636,2,2.5,93,0,7,0
637,1,5.0,87,0,13,0
638,3,1.6666666666666667,94,0,6,0
639,1,5.0,88,88,12,12
640,4,1.25,89,0,11,0
641,2,2.5,95,0,5,0
642,2,2.5,93,0,7,0
643,1,5.0,89,0,11,0
644,2,2.5,81,0,19,0
645,3,1.6666666666666667,86,86,14,14
646,2,2.5,88,88,12,12
647,1,5.0,88,0,12,0
648,3,1.6666666666666667,89,0,11,0
649,1,5.0,92,0,8,0
650,1,5.0,92,92,8,8
651,2,2.5,89,0,11,0
652,3,1.6666666666666667,86,0,14,0
653,2,2.5,92,0,8,0
654,3,1.6666666666666667,88,0,12,0
655,3,1.6666666666666667,94,0,6,0
656,2,2.5,90,0,10,0
657,2,2.5,91,0,9,0
658,2,2.5,88,0,12,0
659,3,1.6666666666666667,92,0,8,0
660,4,1.25,93,0,7,0
661,1,5.0,89,0,11,0
662,3,1.6666666666666667,89,0,11,0
663,2,2.5,89,89,11,11
664,1,5.0,91,91,9,9
665,2,2.5,89,0,11,0
666,4,1.25,91,91,9,9
667,4,1.25,92,92,8,8
668,3,1.6666666666666667,94,0,6,0
669,1,5.0,88,0,12,0
670,1,5.0,89,0,11,0
671,5,1.0,91,0,9,0
672,3,1.6666666666666667,91,0,9,0
673,4,1.25,94,0,6,0
674,3,1.6666666666666667,88,0,12,0
675,3,1.6666666666666667,92,0,8,0
676,2,2.5,93,0,7,0
677,2,2.5,86,0,14,0
678,2,2.5,87,0,13,0
679,3,1.6666666666666667,92,0,8,0
680,1,5.0,95,0,5,0
681,1,5.0,89,0,11,0
682,4,1.25,92,0,8,0
683,2,2.5,92,0,8,0
684,3,1.6666666666666667,91,0,9,0
685,4,1.25,89,0,11,0
686,1,5.0,89,0,11,0
687,2,2.5,91,0,9,0
688,2,2.5,86,0,14,0
689,1,5.0,90,0,10,0
690,3,1.6666666666666667,88,0,12,0
691,2,2.5,92,0,8,0
692,2,2.5,94,0,6,0
693,2,2.5,90,0,10,0
694,3,1.6666666666666667,93,0,7,0
695,4,1.25,86,0,14,0
696,2,2.5,90,0,10,0
697,1,5.0,95,95,5,5
698,1,5.0,82,0,18,0
699,3,1.6666666666666667,93,0,7,0
700,2,2.5,88,0,12,0
701,4,1.25,89,0,11,0
702,4,1.25,94,0,6,0
703,4,1.25,86,0,14,0
704,3,1.6666666666666667,91,0,9,0
705,1,5.0,97,0,3,0
706,4,1.25,85,0,15,0
707,1,5.0,91,0,9,0
708,1,5.0,92,0,8,0
709,2,2.5,88,0,12,0
710,1,5.0,90,0,10,0
711,2,2.5,87,0,13,0
712,3,1.6666666666666667,88,0,12,0
713,2,2.5,89,0,11,0
714,3,1.6666666666666667,90,0,10,0
715,1,5.0,97,0,3,0
716,2,2.5,90,0,10,0
717,2,2.5,93,0,7,0
718,2,2.5,92,0,8,0
719,1,5.0,93,0,7,0
720,2,2.5,95,0,5,0
721,2,2.5,87,0,13,0
722,1,5.0,92,0,8,0
723,1,5.0,91,0,9,0
724,4,1.25,91,0,9,0
725,4,1.25,86,0,14,0
726,5,1.0,92,0,8,0
727,3,1.6666666666666667,88,0,12,0
728,1,5.0,90,0,10,0
729,2,2.5,95,0,5,0
730,3,1.6666666666666667,93,0,7,0
731,1,5.0,84,0,16,0
732,3,1.6666666666666667,91,0,9,0
733,2,2.5,95,95,5,5
734,2,2.5,90,0,10,0
735,2,2.5,86,0,14,0
736,3,1.6666666666666667,92,92,8,8
737,1,5.0,92,0,8,0
738,3,1.6666666666666667,90,0,10,0
739,1,5.0,92,0,8,0
740,3,1.6666666666666667,92,0,8,0
741,3,1.6666666666666667,91,91,9,9
742,5,1.0,85,85,15,15
743,1,5.0,90,0,10,0
744,2,2.5,86,0,14,0
745,1,5.0,88,0,12,0
746,3,1.6666666666666667,91,0,9,0
747,1,5.0,94,0,6,0
748,4,1.25,91,0,9,0
749,1,5.0,85,0,15,0
750,3,1.6666666666666667,89,89,11,11
751,4,1.25,88,88,12,12
752,1,5.0,90,0,10,0
753,2,2.5,85,0,15,0
754,2,2.5,95,0,5,0
755,3,1.6666666666666667,88,0,12,0
756,1,5.0,92,92,8,8
757,3,1.6666666666666667,92,0,8,0
758,2,2.5,89,0,11,0
759,1,5.0,90,90,10,10
760,1,5.0,86,0,14,0
761,2,2.5,91,0,9,0
762,4,1.25,92,0,8,0
763,2,2.5,92,0,8,0
764,4,1.25,88,0,12,0
765,1,5.0,90,90,10,10
766,1,5.0,87,0,13,0
767,1,5.0,86,0,14,0
768,1,5.0,86,0,14,0
769,2,2.5,88,88,12,12
770,3,1.6666666666666667,91,0,9,0
771,3,1.6666666666666667,90,90,10,10
772,1,5.0,90,0,10,0
773,3,1.6666666666666667,94,0,6,0
774,1,5.0,89,89,11,11
775,1,5.0,92,0,8,0
776,2,2.5,86,0,14,0
777,4,1.25,93,0,7,0
778,4,1.25,90,0,10,0
779,1,5.0,87,0,13,0
780,1,5.0,95,0,5,0
781,1,5.0,84,84,16,16
782,2,2.5,91,0,9,0
783,2,2.5,93,93,7,7
784,3,1.6666666666666667,89,0,11,0
785,2,2.5,89,0,11,0
786,2,2.5,91,0,9,0
787,1,5.0,85,0,15,0
788,1,5.0,89,0,11,0
789,3,1.6666666666666667,84,0,16,0
790,1,5.0,90,0,10,0
791,2,2.5,91,0,9,0
792,2,2.5,84,0,16,0
793,1,5.0,84,0,16,0
794,4,1.25,90,0,10,0
795,5,1.0,85,0,15,0
796,1,5.0,83,0,17,0
797,2,2.5,93,93,7,7
798,4,1.25,92,0,8,0
799,2,2.5,91,0,9,0
800,3,1.6666666666666667,96,96,4,4
801,4,1.25,86,86,14,14
802,3,1.6666666666666667,87,0,13,0
803,4,1.25,92,0,8,0
804,3,1.6666666666666667,87,0,13,0
805,1,5.0,87,0,13,0
806,5,1.0,95,0,5,0
807,3,1.6666666666666667,94,0,6,0
808,1,5.0,86,0,14,0
809,2,2.5,89,0,11,0
810,2,2.5,90,0,10,0
811,4,1.25,84,0,16,0
812,1,5.0,91,0,9,0
813,1,5.0,95,0,5,0
814,1,5.0,89,0,11,0
815,1,5.0,95,0,5,0
816,4,1.25,83,83,17,17
817,3,1.6666666666666667,90,0,10,0
818,1,5.0,92,0,8,0
819,4,1.25,95,0,5,0
820,3,1.6666666666666667,94,94,6,6
821,2,2.5,83,0,17,0
822,1,5.0,88,0,12,0
823,3,1.6666666666666667,85,85,15,15
824,1,5.0,96,0,4,0
825,2,2.5,94,0,6,0
826,1,5.0,92,0,8,0
827,3,1.6666666666666667,88,0,12,0
828,2,2.5,91,0,9,0
829,4,1.25,87,87,13,13
830,2,2.5,89,0,11,0
831,1,5.0,87,0,13,0
832,2,2.5,94,94,6,6
833,2,2.5,89,89,11,11
834,4,1.25,90,0,10,0
835,2,2.5,85,0,15,0
836,3,1.6666666666666667,90,0,10,0
837,1,5.0,90,0,10,0
838,1,5.0,96,0,4,0
839,2,2.5,83,0,17,0
840,1,5.0,90,0,10,0
841,4,1.25,88,0,12,0
842,4,1.25,96,0,4,0
843,2,2.5,91,91,9,9
844,1,5.0,88,0,12,0
845,2,2.5,91,0,9,0
846,3,1.6666666666666667,87,0,13,0
847,5,1.0,93,0,7,0
848,2,2.5,82,0,18,0
849,2,2.5,87,0,13,0
850,1,5.0,89,0,11,0
851,1,5.0,92,0,8,0
852,1,5.0,82,0,18,0
853,2,2.5,86,86,14,14
854,3,1.6666666666666667,91,0,9,0
855,3,1.6666666666666667,89,0,11,0
856,4,1.25,96,0,4,0
857,2,2.5,90,0,10,0
858,2,2.5,90,0,10,0
859,2,2.5,83,0,17,0
860,2,2.5,88,0,12,0
861,3,1.6666666666666667,91,0,9,0
862,3,1.6666666666666667,85,0,15,0
863,3,1.6666666666666667,90,0,10,0
864,2,2.5,91,0,9,0
865,1,5.0,93,0,7,0
866,1,5.0,88,0,12,0
867,3,1.6666666666666667,89,0,11,0
868,3,1.6666666666666667,92,0,8,0
869,1,5.0,94,0,6,0
870,3,1.6666666666666667,90,90,10,10
871,2,2.5,92,0,8,0
872,2,2.5,92,0,8,0
873,2,2.5,93,93,7,7
874,3,1.6666666666666667,89,0,11,0
875,1,5.0,92,0,8,0
876,4,1.25,88,0,12,0
877,2,2.5,93,0,7,0
878,3,1.6666666666666667,88,0,12,0
879,2,2.5,86,86,14,14
880,2,2.5,89,0,11,0
881,3,1.6666666666666667,97,0,3,0
882,3,1.6666666666666667,82,0,18,0
883,2,2.5,87,0,13,0
884,1,5.0,93,0,7,0
885,2,2.5,89,0,11,0
886,1,5.0,90,0,10,0
887,4,1.25,90,0,10,0
888,4,1.25,88,0,12,0
889,2,2.5,90,0,10,0
890,4,1.25,94,0,6,0
891,3,1.6666666666666667,92,0,8,0
892,3,1.6666666666666667,91,0,9,0
893,1,5.0,90,0,10,0
894,1,5.0,88,0,12,0
895,1,5.0,89,0,11,0
896,2,2.5,90,0,10,0
897,2,2.5,94,0,6,0
898,1,5.0,93,93,7,7
899,1,5.0,91,0,9,0
900,2,2.5,90,0,10,0
901,5,1.0,90,90,10,10
902,3,1.6666666666666667,91,91,9,9
903,1,5.0,92,92,8,8
904,2,2.5,91,0,9,0
905,2,2.5,86,0,14,0
906,1,5.0,89,0,11,0
907,1,5.0,94,0,6,0
908,1,5.0,88,0,12,0
909,1,5.0,93,0,7,0
910,1,5.0,86,0,14,0
911,1,5.0,87,0,13,0
912,2,2.5,89,0,11,0
913,3,1.6666666666666667,92,0,8,0
914,1,5.0,93,93,7,7
915,4,1.25,87,87,13,13
916,2,2.5,91,0,9,0
917,1,5.0,84,0,16,0
918,1,5.0,94,0,6,0
919,1,5.0,92,0,8,0
920,1,5.0,85,0,15,0
921,1,5.0,89,0,11,0
922,1,5.0,92,0,8,0
923,2,2.5,89,0,11,0
924,2,2.5,89,0,11,0
925,3,1.6666666666666667,91,0,9,0
926,3,1.6666666666666667,86,0,14,0
927,4,1.25,84,0,16,0
928,3,1.6666666666666667,84,0,16,0
929,4,1.25,98,0,2,0
930,3,1.6666666666666667,93,0,7,0
931,4,1.25,89,0,11,0
932,4,1.25,93,0,7,0
933,1,5.0,86,0,14,0
934,2,2.5,91,0,9,0
935,2,2.5,91,0,9,0
936,4,1.25,94,94,6,6
937,2,2.5,87,0,13,0
938,1,5.0,88,0,12,0
939,2,2.5,92,92,8,8
940,3,1.6666666666666667,89,0,11,0
941,1,5.0,92,0,8,0
942,2,2.5,91,0,9,0
943,3,1.6666666666666667,89,89,11,11
944,2,2.5,88,0,12,0
945,1,5.0,87,0,13,0
946,2,2.5,89,0,11,0
947,3,1.6666666666666667,91,0,9,0
948,2,2.5,88,0,12,0
949,1,5.0,89,0,11,0
950,1,5.0,88,88,12,12
951,1,5.0,91,0,9,0
952,1,5.0,87,0,13,0
953,1,5.0,84,84,16,16
954,2,2.5,89,0,11,0
955,4,1.25,87,0,13,0
956,3,1.6666666666666667,93,93,7,7
957,1,5.0,91,0,9,0
958,4,1.25,89,0,11,0
959,1,5.0,89,0,11,0
960,1,5.0,84,0,16,0
961,2,2.5,89,0,11,0
962,3,1.6666666666666667,88,0,12,0
963,3,1.6666666666666667,89,89,11,11
964,1,5.0,90,0,10,0
965,4,1.25,87,0,13,0
966,2,2.5,84,0,16,0
967,1,5.0,91,0,9,0
968,1,5.0,87,0,13,0
969,3,1.6666666666666667,91,91,9,9
970,4,1.25,87,0,13,0
971,1,5.0,95,0,5,0
972,1,5.0,84,0,16,0
973,2,2.5,93,0,7,0
974,3,1.6666666666666667,93,93,7,7
975,2,2.5,94,0,6,0
976,1,5.0,89,0,11,0
977,4,1.25,94,0,6,0
978,4,1.25,90,0,10,0
979,2,2.5,91,0,9,0
980,1,5.0,92,0,8,0
981,4,1.25,89,0,11,0
982,3,1.6666666666666667,91,0,9,0
983,1,5.0,86,0,14,0
984,2,2.5,88,0,12,0
985,2,2.5,92,0,8,0
986,1,5.0,90,0,10,0
987,2,2.5,88,0,12,0
988,3,1.6666666666666667,91,0,9,0
989,1,5.0,96,0,4,0
990,4,1.25,88,88,12,12
991,2,2.5,90,0,10,0
992,2,2.5,93,0,7,0
993,4,1.25,89,0,11,0
994,2,2.5,91,0,9,0
995,1,5.0,94,0,6,0
996,4,1.25,89,0,11,0
997,2,2.5,91,0,9,0
998,3,1.6666666666666667,88,0,12,0
999,1,5.0,88,0,12,0
1000,2,2.5,89,0,11,0
1001,4,1.25,92,92,8,8
1002,4,1.25,88,0,12,0
1003,3,1.6666666666666667,90,0,10,0
1004,1,5.0,89,0,11,0
1005,3,1.6666666666666667,92,0,8,0
1006,1,5.0,92,0,8,0
1007,3,1.6666666666666667,89,0,11,0
1008,2,2.5,88,0,12,0
1009,1,5.0,90,0,10,0
1010,1,5.0,83,0,17,0
1011,3,1.6666666666666667,88,0,12,0
1012,3,1.6666666666666667,89,0,11,0
1013,3,1.6666666666666667,89,0,11,0
1014,2,2.5,94,94,6,6
1015,2,2.5,94,94,6,6
1016,2,2.5,89,0,11,0
1017,1,5.0,89,0,11,0
1018,1,5.0,91,0,9,0
1019,1,5.0,90,0,10,0
1020,1,5.0,89,0,11,0
1021,2,2.5,93,93,7,7
1022,4,1.25,89,0,11,0
1023,4,1.25,91,0,9,0
1024,1,5.0,91,0,9,0
1025,1,5.0,94,0,6,0
1026,3,1.6666666666666667,85,0,15,0
1027,3,1.6666666666666667,88,0,12,0
1028,3,1.6666666666666667,91,0,9,0
1029,1,5.0,92,0,8,0
1030,1,5.0,89,0,11,0
1031,3,1.6666666666666667,88,0,12,0
1032,1,5.0,88,0,12,0
1033,4,1.25,92,0,8,0
1034,2,2.5,89,0,11,0
1035,1,5.0,91,0,9,0
1036,2,2.5,87,0,13,0
1037,4,1.25,97,0,3,0
1038,2,2.5,87,0,13,0
1039,2,2.5,88,0,12,0
1040,3,1.6666666666666667,87,0,13,0
1041,3,1.6666666666666667,87,0,13,0
1042,1,5.0,95,0,5,0
1043,3,1.6666666666666667,89,89,11,11
1044,1,5.0,92,0,8,0
1045,2,2.5,92,0,8,0
1046,2,2.5,88,0,12,0
1047,3,1.6666666666666667,95,0,5,0
1048,4,1.25,93,93,7,7
1049,4,1.25,90,0,10,0
1050,2,2.5,93,0,7,0
1051,2,2.5,90,0,10,0
1052,3,1.6666666666666667,93,0,7,0
1053,1,5.0,93,0,7,0
1054,3,1.6666666666666667,91,0,9,0
1055,2,2.5,91,0,9,0
1056,2,2.5,87,0,13,0
1057,2,2.5,92,0,8,0
1058,1,5.0,93,0,7,0
1059,3,1.6666666666666667,93,0,7,0
1060,1,5.0,93,93,7,7
1061,1,5.0,93,0,7,0
1062,3,1.6666666666666667,91,91,9,9
1063,1,5.0,94,0,6,0
1064,2,2.5,93,0,7,0
1065,3,1.6666666666666667,94,0,6,0
1066,3,1.6666666666666667,88,0,12,0
1067,3,1.6666666666666667,96,0,4,0
1068,3,1.6666666666666667,90,0,10,0
1069,1,5.0,92,0,8,0
1070,1,5.0,92,92,8,8
1071,2,2.5,84,0,16,0
1072,2,2.5,95,0,5,0
1073,1,5.0,89,0,11,0
1074,3,1.6666666666666667,87,0,13,0
1075,3,1.6666666666666667,89,0,11,0
1076,4,1.25,91,0,9,0
1077,1,5.0,95,95,5,5
1078,1,5.0,90,0,10,0
1079,3,1.6666666666666667,85,0,15,0
1080,1,5.0,84,0,16,0
1081,1,5.0,89,89,11,11
1082,3,1.6666666666666667,92,0,8,0
1083,2,2.5,89,89,11,11
1084,1,5.0,88,0,12,0
1085,2,2.5,93,0,7,0
1086,1,5.0,87,87,13,13
1087,2,2.5,90,0,10,0
1088,2,2.5,91,0,9,0
1089,3,1.6666666666666667,92,0,8,0
1090,2,2.5,96,0,4,0
1091,4,1.25,88,0,12,0
1092,1,5.0,83,0,17,0
1093,3,1.6666666666666667,86,0,14,0
1094,2,2.5,86,0,14,0
1095,2,2.5,95,0,5,0
1096,2,2.5,92,0,8,0
1097,3,1.6666666666666667,90,0,10,0
1098,1,5.0,81,81,19,19
1099,2,2.5,93,0,7,0
1100,4,1.25,87,0,13,0
1101,1,5.0,92,0,8,0
1102,3,1.6666666666666667,91,0,9,0
1103,4,1.25,89,0,11,0
1104,1,5.0,98,0,2,0
1105,2,2.5,90,0,10,0
1106,3,1.6666666666666667,94,94,6,6
1107,4,1.25,89,0,11,0
1108,1,5.0,96,0,4,0
1109,2,2.5,89,0,11,0
1110,1,5.0,91,0,9,0
1111,2,2.5,93,0,7,0
1112,2,2.5,86,0,14,0
1113,3,1.6666666666666667,91,0,9,0
1114,3,1.6666666666666667,83,0,17,0
1115,2,2.5,93,93,7,7
1116,1,5.0,90,0,10,0
1117,4,1.25,89,0,11,0
1118,1,5.0,93,0,7,0
1119,1,5.0,93,0,7,0
1120,3,1.6666666666666667,91,91,9,9
1121,2,2.5,90,0,10,0
1122,3,1.6666666666666667,85,0,15,0
1123,2,2.5,94,0,6,0
1124,3,1.6666666666666667,91,0,9,0
1125,1,5.0,92,92,8,8
1126,1,5.0,93,0,7,0
1127,1,5.0,94,0,6,0
1128,1,5.0,86,0,14,0
1129,2,2.5,92,0,8,0
1130,4,1.25,95,95,5,5
1131,1,5.0,88,0,12,0
1132,2,2.5,90,0,10,0
1133,2,2.5,94,0,6,0
1134,1,5.0,91,0,9,0
1135,2,2.5,89,0,11,0
1136,2,2.5,88,0,12,0
1137,5,1.0,92,0,8,0
1138,1,5.0,86,0,14,0
1139,2,2.5,93,0,7,0
1140,1,5.0,89,0,11,0
1141,1,5.0,87,87,13,13
1142,3,1.6666666666666667,91,0,9,0
1143,4,1.25,93,0,7,0
1144,1,5.0,90,90,10,10
1145,3,1.6666666666666667,95,0,5,0
1146,2,2.5,87,0,13,0
1147,2,2.5,87,0,13,0
1148,1,5.0,90,0,10,0
1149,2,2.5,91,0,9,0
1150,2,2.5,91,0,9,0
1151,1,5.0,90,0,10,0
1152,2,2.5,92,0,8,0
1153,1,5.0,89,89,11,11
1154,1,5.0,91,0,9,0
1155,2,2.5,89,0,11,0
1156,2,2.5,87,0,13,0
1157,2,2.5,89,0,11,0
1158,2,2.5,85,0,15,0
1159,2,2.5,92,0,8,0
1160,4,1.25,89,0,11,0
1161,2,2.5,90,0,10,0
1162,1,5.0,90,90,10,10
1163,1,5.0,89,89,11,11
1164,2,2.5,88,0,12,0
1165,3,1.6666666666666667,96,0,4,0
1166,1,5.0,90,0,10,0
1167,3,1.6666666666666667,89,89,11,11
1168,1,5.0,96,0,4,0
1169,2,2.5,89,0,11,0
1170,2,2.5,87,0,13,0
1171,2,2.5,92,0,8,0
1172,2,2.5,92,92,8,8
1173,1,5.0,92,0,8,0
1174,1,5.0,89,0,11,0
1175,4,1.25,91,91,9,9
1176,1,5.0,89,0,11,0
1177,4,1.25,89,0,11,0
1178,1,5.0,94,0,6,0
1179,5,1.0,93,0,7,0
1180,2,2.5,91,0,9,0
1181,1,5.0,87,87,13,13
1182,2,2.5,88,0,12,0
1183,2,2.5,92,0,8,0
1184,1,5.0,93,0,7,0
1185,4,1.25,84,0,16,0
1186,1,5.0,90,0,10,0
1187,1,5.0,92,0,8,0
1188,1,5.0,85,0,15,0
1189,1,5.0,91,91,9,9
1190,4,1.25,87,0,13,0
1191,3,1.6666666666666667,90,0,10,0
1192,4,1.25,89,0,11,0
1193,3,1.6666666666666667,93,0,7,0
1194,3,1.6666666666666667,92,0,8,0
1195,4,1.25,88,0,12,0
1196,4,1.25,87,0,13,0
1197,1,5.0,90,0,10,0
1198,1,5.0,89,0,11,0
1199,1,5.0,85,0,15,0
1200,1,5.0,88,0,12,0
1201,2,2.5,90,90,10,10
1202,3,1.6666666666666667,89,89,11,11
1203,2,2.5,87,0,13,0
1204,3,1.6666666666666667,84,84,16,16
1205,3,1.6666666666666667,90,0,10,0
1206,2,2.5,92,0,8,0
1207,2,2.5,92,0,8,0
1208,2,2.5,93,0,7,0
1209,3,1.6666666666666667,88,0,12,0
1210,1,5.0,92,0,8,0
1211,3,1.6666666666666667,95,95,5,5
1212,1,5.0,90,0,10,0
1213,1,5.0,90,0,10,0
1214,3,1.6666666666666667,86,0,14,0
1215,1,5.0,91,0,9,0
1216,2,2.5,91,0,9,0
1217,3,1.6666666666666667,93,0,7,0
1218,2,2.5,92,0,8,0
1219,2,2.5,87,0,13,0
1220,1,5.0,85,0,15,0
1221,2,2.5,84,0,16,0
1222,4,1.25,95,0,5,0
1223,1,5.0,91,0,9,0
1224,1,5.0,86,0,14,0
1225,1,5.0,89,89,11,11
1226,1,5.0,92,0,8,0
1227,2,2.5,96,96,4,4
1228,2,2.5,87,0,13,0
1229,2,2.5,92,92,8,8
1230,1,5.0,89,0,11,0
1231,3,1.6666666666666667,88,0,12,0
1232,2,2.5,93,0,7,0
1233,2,2.5,94,94,6,6
1234,2,2.5,93,0,7,0
1235,3,1.6666666666666667,91,0,9,0
1236,1,5.0,84,0,16,0
1237,2,2.5,91,0,9,0
1238,3,1.6666666666666667,86,0,14,0
1239,3,1.6666666666666667,89,0,11,0
1240,2,2.5,92,0,8,0
1241,1,5.0,94,0,6,0
1242,1,5.0,92,92,8,8
1243,3,1.6666666666666667,94,0,6,0
1244,3,1.6666666666666667,88,88,12,12
1245,4,1.25,92,0,8,0
1246,3,1.6666666666666667,88,0,12,0
1247,5,1.0,89,0,11,0
1248,3,1.6666666666666667,87,0,13,0
1249,1,5.0,89,0,11,0
1250,2,2.5,94,0,6,0
1251,1,5.0,88,0,12,0
1252,1,5.0,92,0,8,0
1253,3,1.6666666666666667,84,0,16,0
1254,1,5.0,92,0,8,0
1255,3,1.6666666666666667,87,0,13,0
1256,1,5.0,91,0,9,0
1257,4,1.25,88,0,12,0
1258,1,5.0,88,0,12,0
1259,1,5.0,93,0,7,0
1260,3,1.6666666666666667,90,0,10,0
1261,2,2.5,89,0,11,0
1262,3,1.6666666666666667,93,0,7,0
1263,2,2.5,89,89,11,11
1264,2,2.5,93,0,7,0
1265,3,1.6666666666666667,82,0,18,0
1266,2,2.5,88,0,12,0
1267,4,1.25,95,95,5,5
1268,2,2.5,88,0,12,0
1269,1,5.0,94,0,6,0
1270,2,2.5,94,0,6,0
1271,2,2.5,88,0,12,0
1272,4,1.25,92,92,8,8
1273,1,5.0,88,0,12,0
1274,4,1.25,94,0,6,0
1275,1,5.0,90,0,10,0
1276,4,1.25,92,0,8,0
1277,1,5.0,90,0,10,0
1278,4,1.25,94,94,6,6
1279,4,1.25,92,0,8,0
1280,1,5.0,83,0,17,0
1281,1,5.0,93,0,7,0
1282,2,2.5,91,91,9,9
1283,3,1.6666666666666667,88,88,12,12
1284,2,2.5,95,0,5,0
1285,4,1.25,91,0,9,0
1286,1,5.0,90,0,10,0
1287,3,1.6666666666666667,89,0,11,0
1288,4,1.25,90,90,10,10
1289,3,1.6666666666666667,95,0,5,0
1290,4,1.25,86,0,14,0
1291,2,2.5,88,0,12,0
1292,1,5.0,91,0,9,0
1293,1,5.0,91,0,9,0
1294,4,1.25,93,0,7,0
1295,4,1.25,87,87,13,13
1296,4,1.25,91,0,9,0
1297,1,5.0,95,0,5,0
1298,3,1.6666666666666667,93,93,7,7
1299,1,5.0,94,0,6,0
1300,1,5.0,90,90,10,10
1301,1,5.0,88,0,12,0
1302,3,1.6666666666666667,85,85,15,15
1303,3,1.6666666666666667,88,0,12,0
1304,4,1.25,91,0,9,0
1305,1,5.0,92,0,8,0
1306,2,2.5,90,0,10,0
1307,5,1.0,91,0,9,0
1308,3,1.6666666666666667,85,0,15,0
1309,1,5.0,89,0,11,0
1310,1,5.0,94,0,6,0
1311,1,5.0,92,0,8,0
1312,1,5.0,92,0,8,0
1313,3,1.6666666666666667,92,0,8,0
1314,4,1.25,91,91,9,9
1315,2,2.5,93,0,7,0
1316,5,1.0,89,0,11,0
1317,1,5.0,89,0,11,0
1318,3,1.6666666666666667,93,0,7,0
1319,2,2.5,90,0,10,0
1320,4,1.25,94,0,6,0
1321,3,1.6666666666666667,87,87,13,13
1322,2,2.5,86,0,14,0
1323,3,1.6666666666666667,94,0,6,0
1324,3,1.6666666666666667,90,0,10,0
1325,1,5.0,88,88,12,12
1326,3,1.6666666666666667,87,0,13,0
1327,3,1.6666666666666667,83,83,17,17
1328,2,2.5,89,0,11,0
1329,5,1.0,87,0,13,0
1330,3,1.6666666666666667,90,0,10,0
1331,5,1.0,92,0,8,0
1332,3,1.6666666666666667,89,89,11,11
1333,1,5.0,94,0,6,0
1334,3,1.6666666666666667,91,0,9,0
1335,3,1.6666666666666667,84,0,16,0
1336,1,5.0,93,0,7,0
1337,2,2.5,85,85,15,15
1338,2,2.5,94,0,6,0
1339,1,5.0,93,0,7,0
1340,2,2.5,92,0,8,0
1341,1,5.0,92,0,8,0
1342,3,1.6666666666666667,97,0,3,0
1343,3,1.6666666666666667,91,0,9,0
1344,1,5.0,96,0,4,0
1345,1,5.0,85,85,15,15
1346,4,1.25,90,0,10,0
1347,4,1.25,93,93,7,7
1348,1,5.0,92,0,8,0
1349,4,1.25,93,0,7,0
1350,3,1.6666666666666667,92,0,8,0
1351,2,2.5,90,0,10,0
1352,2,2.5,87,0,13,0
1353,3,1.6666666666666667,89,0,11,0
1354,3,1.6666666666666667,91,0,9,0
1355,2,2.5,92,0,8,0
1356,2,2.5,86,0,14,0
1357,3,1.6666666666666667,83,83,17,17
1358,1,5.0,95,0,5,0
1359,4,1.25,96,0,4,0
1360,2,2.5,91,0,9,0
1361,1,5.0,81,0,19,0
1362,3,1.6666666666666667,89,0,11,0
1363,3,1.6666666666666667,92,0,8,0
1364,2,2.5,93,93,7,7
1365,4,1.25,91,0,9,0
1366,1,5.0,94,0,6,0
1367,1,5.0,86,0,14,0
1368,1,5.0,93,0,7,0
1369,3,1.6666666666666667,91,0,9,0
1370,3,1.6666666666666667,97,97,3,3
1371,2,2.5,93,93,7,7
1372,3,1.6666666666666667,83,0,17,0
1373,1,5.0,89,0,11,0
1374,2,2.5,89,0,11,0
1375,3,1.6666666666666667,91,91,9,9
1376,3,1.6666666666666667,94,0,6,0
1377,1,5.0,87,0,13,0
1378,2,2.5,90,0,10,0
1379,3,1.6666666666666667,91,0,9,0
1380,2,2.5,88,0,12,0
1381,2,2.5,91,0,9,0
1382,3,1.6666666666666667,88,0,12,0
1383,3,1.6666666666666667,91,0,9,0
1384,5,1.0,87,87,13,13
1385,3,1.6666666666666667,87,0,13,0
1386,2,2.5,89,0,11,0
1387,1,5.0,94,0,6,0
1388,1,5.0,91,0,9,0
1389,2,2.5,91,0,9,0
1390,1,5.0,92,0,8,0
1391,2,2.5,87,0,13,0
1392,2,2.5,85,0,15,0
1393,5,1.0,92,0,8,0
1394,3,1.6666666666666667,95,0,5,0
1395,4,1.25,96,0,4,0
1396,4,1.25,93,0,7,0
1397,1,5.0,96,0,4,0
1398,2,2.5,96,0,4,0
1399,1,5.0,90,0,10,0
1400,5,1.0,96,0,4,0
1401,2,2.5,92,92,8,8
1402,2,2.5,88,0,12,0
1403,2,2.5,89,0,11,0
1404,2,2.5,85,0,15,0
1405,1,5.0,88,0,12,0
1406,3,1.6666666666666667,91,91,9,9
1407,2,2.5,95,95,5,5
1408,3,1.6666666666666667,90,0,10,0
1409,1,5.0,92,0,8,0
1410,3,1.6666666666666667,92,0,8,0
1411,3,1.6666666666666667,92,0,8,0
1412,4,1.25,92,0,8,0
1413,2,2.5,90,0,10,0
1414,2,2.5,93,0,7,0
1415,2,2.5,93,0,7,0
1416,1,5.0,88,0,12,0
1417,2,2.5,88,0,12,0
1418,2,2.5,88,0,12,0
1419,1,5.0,88,0,12,0
1420,4,1.25,86,0,14,0
1421,1,5.0,85,0,15,0
1422,1,5.0,89,0,11,0
1423,1,5.0,86,0,14,0
1424,2,2.5,86,0,14,0
1425,2,2.5,93,93,7,7
1426,1,5.0,89,0,11,0
1427,1,5.0,88,0,12,0
1428,1,5.0,93,0,7,0
1429,1,5.0,90,0,10,0
1430,1,5.0,90,0,10,0
1431,1,5.0,91,0,9,0
1432,4,1.25,86,0,14,0
1433,2,2.5,86,0,14,0
1434,2,2.5,93,0,7,0
1435,3,1.6666666666666667,87,0,13,0
1436,3,1.6666666666666667,91,0,9,0
1437,2,2.5,83,0,17,0
1438,1,5.0,88,0,12,0
1439,2,2.5,88,88,12,12
1440,2,2.5,93,93,7,7
1441,2,2.5,91,0,9,0
1442,2,2.5,90,0,10,0
1443,3,1.6666666666666667,93,0,7,0
1444,1,5.0,89,89,11,11
1445,2,2.5,93,0,7,0
1446,4,1.25,93,0,7,0
1447,4,1.25,85,0,15,0
1448,1,5.0,87,0,13,0
1449,1,5.0,93,0,7,0
1450,2,2.5,87,0,13,0
1451,3,1.6666666666666667,94,0,6,0
1452,1,5.0,96,0,4,0
1453,2,2.5,92,0,8,0
1454,4,1.25,91,0,9,0
1455,3,1.6666666666666667,90,0,10,0
1456,2,2.5,91,0,9,0
1457,1,5.0,90,0,10,0
1458,1,5.0,88,0,12,0
1459,1,5.0,88,0,12,0
1460,1,5.0,87,0,13,0
1461,2,2.5,90,0,10,0
1462,1,5.0,93,0,7,0
1463,1,5.0,95,95,5,5
1464,4,1.25,93,0,7,0
1465,1,5.0,89,0,11,0
1466,1,5.0,93,0,7,0
1467,2,2.5,97,0,3,0
1468,2,2.5,92,0,8,0
1469,2,2.5,92,0,8,0
1470,3,1.6666666666666667,89,89,11,11
1471,2,2.5,93,0,7,0
1472,1,5.0,90,0,10,0
1473,1,5.0,89,0,11,0
1474,2,2.5,96,0,4,0
1475,1,5.0,92,0,8,0
1476,1,5.0,94,0,6,0
1477,1,5.0,85,0,15,0
1478,2,2.5,89,0,11,0
1479,5,1.0,92,0,8,0
1480,3,1.6666666666666667,93,0,7,0
1481,2,2.5,93,0,7,0
1482,2,2.5,95,0,5,0
1483,1,5.0,95,0,5,0
1484,2,2.5,90,0,10,0
1485,4,1.25,90,0,10,0
1486,1,5.0,91,0,9,0
1487,3,1.6666666666666667,87,0,13,0
1488,1,5.0,89,0,11,0
1489,2,2.5,91,91,9,9
1490,2,2.5,91,0,9,0
1491,4,1.25,89,0,11,0
1492,3,1.6666666666666667,88,0,12,0
1493,3,1.6666666666666667,93,0,7,0
1494,4,1.25,88,0,12,0
1495,3,1.6666666666666667,90,0,10,0
1496,4,1.25,92,0,8,0
1497,3,1.6666666666666667,92,92,8,8
1498,1,5.0,89,0,11,0
1499,3,1.6666666666666667,85,0,15,0
1500,3,1.6666666666666667,87,0,13,0
1501,1,5.0,92,0,8,0
1502,1,5.0,90,0,10,0
1503,5,1.0,93,93,7,7
1504,2,2.5,93,0,7,0
1505,3,1.6666666666666667,92,92,8,8
1506,3,1.6666666666666667,85,0,15,0
1507,2,2.5,86,0,14,0
1508,2,2.5,88,0,12,0
1509,4,1.25,94,0,6,0
1510,3,1.6666666666666667,91,0,9,0
1511,1,5.0,90,0,10,0
1512,3,1.6666666666666667,91,0,9,0
1513,3,1.6666666666666667,87,0,13,0
1514,1,5.0,93,93,7,7
1515,5,1.0,89,0,11,0
1516,2,2.5,95,0,5,0
1517,2,2.5,95,0,5,0
1518,2,2.5,93,0,7,0
1519,2,2.5,90,0,10,0
1520,2,2.5,93,0,7,0
1521,2,2.5,92,0,8,0
1522,1,5.0,92,0,8,0
1523,1,5.0,95,0,5,0
1524,2,2.5,90,0,10,0
1525,1,5.0,90,0,10,0
1526,2,2.5,92,0,8,0
1527,2,2.5,87,0,13,0
1528,1,5.0,88,0,12,0
1529,4,1.25,90,0,10,0
1530,3,1.6666666666666667,88,0,12,0
1531,2,2.5,94,0,6,0
1532,3,1.6666666666666667,88,88,12,12
1533,3,1.6666666666666667,92,0,8,0
1534,3,1.6666666666666667,88,88,12,12
1535,3,1.6666666666666667,90,0,10,0
1536,1,5.0,89,89,11,11
1537,1,5.0,88,0,12,0
1538,2,2.5,89,0,11,0
1539,2,2.5,91,0,9,0
1540,4,1.25,86,0,14,0
1541,3,1.6666666666666667,92,0,8,0
1542,1,5.0,91,0,9,0
1543,4,1.25,92,0,8,0
1544,2,2.5,89,89,11,11
1545,1,5.0,91,0,9,0
1546,4,1.25,90,0,10,0
1547,2,2.5,88,0,12,0
1548,2,2.5,89,0,11,0
1549,3,1.6666666666666667,95,0,5,0
1550,5,1.0,89,0,11,0
1551,4,1.25,90,0,10,0
1552,3,1.6666666666666667,91,0,9,0
1553,3,1.6666666666666667,91,91,9,9
1554,2,2.5,87,0,13,0
1555,1,5.0,88,0,12,0
1556,2,2.5,88,88,12,12
1557,1,5.0,92,0,8,0
1558,2,2.5,89,0,11,0
1559,1,5.0,86,0,14,0
1560,5,1.0,92,0,8,0
1561,2,2.5,92,0,8,0
1562,1,5.0,92,0,8,0
1563,2,2.5,90,0,10,0
1564,1,5.0,93,93,7,7
1565,3,1.6666666666666667,88,88,12,12
1566,1,5.0,93,0,7,0
1567,2,2.5,94,0,6,0
1568,3,1.6666666666666667,86,0,14,0
1569,1,5.0,88,0,12,0
1570,2,2.5,86,0,14,0
1571,5,1.0,88,88,12,12
1572,3,1.6666666666666667,91,0,9,0
1573,2,2.5,88,0,12,0
1574,2,2.5,90,0,10,0
1575,2,2.5,87,0,13,0
1576,3,1.6666666666666667,88,0,12,0
1577,2,2.5,90,0,10,0
1578,4,1.25,88,88,12,12
1579,3,1.6666666666666667,92,92,8,8
1580,1,5.0,92,0,8,0
1581,4,1.25,90,0,10,0
1582,3,1.6666666666666667,92,0,8,0
1583,1,5.0,88,0,12,0
1584,1,5.0,88,0,12,0
1585,3,1.6666666666666667,93,0,7,0
1586,2,2.5,82,0,18,0
1587,2,2.5,84,84,16,16
1588,5,1.0,95,0,5,0
1589,1,5.0,90,0,10,0
1590,3,1.6666666666666667,92,0,8,0
1591,3,1.6666666666666667,87,0,13,0
1592,5,1.0,93,0,7,0
1593,1,5.0,91,0,9,0
1594,1,5.0,93,0,7,0
1595,2,2.5,90,0,10,0
1596,1,5.0,89,89,11,11
1597,2,2.5,87,0,13,0
1598,3,1.6666666666666667,90,0,10,0
1599,2,2.5,93,0,7,0
1600,3,1.6666666666666667,92,0,8,0
1601,2,2.5,90,0,10,0
1602,2,2.5,88,0,12,0
1603,1,5.0,91,0,9,0
1604,4,1.25,88,0,12,0
1605,3,1.6666666666666667,94,94,6,6
1606,2,2.5,91,0,9,0
1607,4,1.25,92,0,8,0
1608,2,2.5,90,90,10,10
1609,3,1.6666666666666667,88,88,12,12
1610,2,2.5,92,0,8,0
1611,4,1.25,88,0,12,0
1612,2,2.5,91,0,9,0
1613,5,1.0,87,0,13,0
1614,3,1.6666666666666667,92,0,8,0
1615,1,5.0,90,0,10,0
1616,1,5.0,89,0,11,0
1617,2,2.5,91,0,9,0
1618,3,1.6666666666666667,92,0,8,0
1619,2,2.5,94,0,6,0
1620,5,1.0,90,0,10,0
1621,4,1.25,89,0,11,0
1622,1,5.0,88,0,12,0
1623,3,1.6666666666666667,90,0,10,0
1624,2,2.5,88,0,12,0
1625,3,1.6666666666666667,87,0,13,0
1626,2,2.5,87,87,13,13
1627,3,1.6666666666666667,87,0,13,0
1628,2,2.5,90,90,10,10
1629,3,1.6666666666666667,93,93,7,7
1630,4,1.25,89,89,11,11
1631,5,1.0,89,0,11,0
1632,4,1.25,89,89,11,11
1633,1,5.0,89,0,11,0
1634,1,5.0,94,0,6,0
1635,2,2.5,90,0,10,0
1636,1,5.0,86,0,14,0
1637,2,2.5,87,0,13,0
1638,2,2.5,94,0,6,0
1639,3,1.6666666666666667,94,0,6,0
1640,3,1.6666666666666667,91,0,9,0
1641,1,5.0,86,0,14,0
1642,3,1.6666666666666667,90,0,10,0
1643,4,1.25,87,0,13,0
1644,2,2.5,92,0,8,0
1645,2,2.5,90,0,10,0
1646,1,5.0,90,90,10,10
1647,2,2.5,91,91,9,9
1648,2,2.5,89,0,11,0
1649,2,2.5,93,93,7,7
1650,3,1.6666666666666667,90,90,10,10
1651,2,2.5,87,0,13,0
1652,2,2.5,95,0,5,0
1653,2,2.5,88,0,12,0
1654,3,1.6666666666666667,92,0,8,0
1655,1,5.0,92,0,8,0
1656,3,1.6666666666666667,93,0,7,0
1657,3,1.6666666666666667,88,0,12,0
1658,4,1.25,88,0,12,0
1659,3,1.6666666666666667,86,0,14,0
1660,1,5.0,92,0,8,0
1661,1,5.0,89,0,11,0
1662,2,2.5,93,0,7,0
1663,3,1.6666666666666667,92,0,8,0
1664,5,1.0,92,0,8,0
1665,3,1.6666666666666667,91,0,9,0
1666,2,2.5,88,0,12,0
1667,2,2.5,92,92,8,8
1668,3,1.6666666666666667,91,0,9,0
1669,3,1.6666666666666667,88,0,12,0
1670,1,5.0,93,0,7,0
1671,4,1.25,86,0,14,0
1672,2,2.5,91,0,9,0
1673,2,2.5,91,0,9,0
1674,2,2.5,86,86,14,14
1675,1,5.0,90,0,10,0
1676,1,5.0,92,0,8,0
1677,1,5.0,90,0,10,0
1678,1,5.0,92,0,8,0
1679,2,2.5,92,0,8,0
1680,3,1.6666666666666667,94,0,6,0
1681,4,1.25,92,0,8,0
1682,3,1.6666666666666667,92,0,8,0
1683,5,1.0,90,0,10,0
1684,1,5.0,91,0,9,0
1685,3,1.6666666666666667,90,0,10,0
1686,2,2.5,95,95,5,5
1687,2,2.5,81,0,19,0
1688,1,5.0,84,84,16,16
1689,2,2.5,88,0,12,0
1690,2,2.5,86,0,14,0
1691,2,2.5,89,0,11,0
1692,3,1.6666666666666667,88,0,12,0
1693,2,2.5,89,89,11,11
1694,2,2.5,96,0,4,0
1695,1,5.0,89,89,11,11
1696,1,5.0,88,0,12,0
1697,1,5.0,87,0,13,0
1698,1,5.0,88,0,12,0
1699,2,2.5,94,0,6,0
1700,4,1.25,92,0,8,0
1701,4,1.25,93,0,7,0
1702,3,1.6666666666666667,87,0,13,0
1703,2,2.5,91,0,9,0
1704,5,1.0,88,88,12,12
1705,4,1.25,81,0,19,0
1706,3,1.6666666666666667,92,92,8,8
1707,4,1.25,91,0,9,0
1708,1,5.0,91,0,9,0
1709,3,1.6666666666666667,88,88,12,12
1710,1,5.0,91,0,9,0
1711,1,5.0,89,0,11,0
1712,1,5.0,91,0,9,0
1713,4,1.25,92,0,8,0
1714,3,1.6666666666666667,90,0,10,0
1715,2,2.5,90,0,10,0
1716,2,2.5,90,0,10,0
1717,3,1.6666666666666667,92,0,8,0
1718,1,5.0,94,0,6,0
1719,4,1.25,85,85,15,15
1720,4,1.25,94,0,6,0
1721,4,1.25,91,0,9,0
1722,4,1.25,89,0,11,0
1723,1,5.0,93,0,7,0
1724,3,1.6666666666666667,88,0,12,0
1725,3,1.6666666666666667,87,0,13,0
1726,4,1.25,92,0,8,0
1727,3,1.6666666666666667,92,0,8,0
1728,2,2.5,89,0,11,0
1729,4,1.25,91,0,9,0
1730,2,2.5,91,0,9,0
1731,2,2.5,88,0,12,0
1732,1,5.0,87,0,13,0
1733,4,1.25,92,0,8,0
1734,5,1.0,87,0,13,0
1735,2,2.5,87,87,13,13
1736,2,2.5,84,0,16,0
1737,3,1.6666666666666667,95,0,5,0
1738,1,5.0,90,0,10,0
1739,4,1.25,84,0,16,0
1740,4,1.25,91,91,9,9
1741,4,1.25,94,94,6,6
1742,4,1.25,82,0,18,0
1743,3,1.6666666666666667,95,95,5,5
1744,2,2.5,89,0,11,0
1745,1,5.0,91,0,9,0
1746,2,2.5,87,0,13,0
1747,4,1.25,92,0,8,0
1748,4,1.25,92,0,8,0
1749,2,2.5,87,87,13,13
1750,2,2.5,89,0,11,0
1751,2,2.5,87,0,13,0
1752,1,5.0,82,0,18,0
1753,2,2.5,90,0,10,0
1754,2,2.5,89,0,11,0
1755,5,1.0,91,0,9,0
1756,2,2.5,87,0,13,0
1757,4,1.25,85,0,15,0
1758,2,2.5,92,0,8,0
1759,3,1.6666666666666667,89,89,11,11
1760,3,1.6666666666666667,92,92,8,8
1761,2,2.5,89,0,11,0
1762,2,2.5,89,0,11,0
1763,2,2.5,91,0,9,0
1764,1,5.0,85,0,15,0
1765,3,1.6666666666666667,93,0,7,0
1766,3,1.6666666666666667,92,0,8,0
1767,1,5.0,91,0,9,0
1768,3,1.6666666666666667,90,0,10,0
1769,1,5.0,84,0,16,0
1770,1,5.0,96,0,4,0
1771,2,2.5,86,0,14,0
1772,1,5.0,88,0,12,0
1773,1,5.0,90,0,10,0
1774,3,1.6666666666666667,92,0,8,0
1775,2,2.5,87,0,13,0
1776,3,1.6666666666666667,94,94,6,6
1777,1,5.0,91,91,9,9
1778,3,1.6666666666666667,89,89,11,11
1779,1,5.0,92,0,8,0
1780,4,1.25,90,0,10,0
1781,1,5.0,89,0,11,0
1782,3,1.6666666666666667,90,0,10,0
1783,1,5.0,92,0,8,0
1784,1,5.0,91,0,9,0
1785,2,2.5,89,0,11,0
1786,5,1.0,92,0,8,0
1787,1,5.0,90,0,10,0
1788,2,2.5,89,0,11,0
1789,2,2.5,90,90,10,10
1790,3,1.6666666666666667,91,0,9,0
1791,1,5.0,91,0,9,0
1792,1,5.0,96,0,4,0
1793,1,5.0,85,0,15,0
1794,1,5.0,86,0,14,0
1795,2,2.5,92,0,8,0
1796,3,1.6666666666666667,92,0,8,0
1797,1,5.0,89,0,11,0
1798,2,2.5,95,0,5,0
1799,2,2.5,92,0,8,0
1800,1,5.0,88,0,12,0
1801,3,1.6666666666666667,89,0,11,0
1802,1,5.0,92,0,8,0
1803,3,1.6666666666666667,88,0,12,0
1804,3,1.6666666666666667,92,0,8,0
1805,3,1.6666666666666667,85,0,15,0
1806,3,1.6666666666666667,91,0,9,0
1807,3,1.6666666666666667,90,90,10,10
1808,5,1.0,87,0,13,0
1809,5,1.0,87,0,13,0
1810,4,1.25,91,0,9,0
1811,2,2.5,95,0,5,0
1812,1,5.0,88,0,12,0
1813,2,2.5,88,88,12,12
1814,2,2.5,85,0,15,0
1815,3,1.6666666666666667,94,94,6,6
1816,3,1.6666666666666667,87,0,13,0
1817,1,5.0,94,0,6,0
1818,4,1.25,92,0,8,0
1819,2,2.5,96,0,4,0
1820,2,2.5,96,0,4,0
1821,2,2.5,87,0,13,0
1822,1,5.0,90,0,10,0
1823,2,2.5,91,0,9,0
1824,3,1.6666666666666667,87,0,13,0
1825,3,1.6666666666666667,92,0,8,0
1826,3,1.6666666666666667,90,0,10,0
1827,3,1.6666666666666667,88,0,12,0
1828,2,2.5,89,0,11,0
1829,2,2.5,94,0,6,0
1830,1,5.0,86,0,14,0
1831,1,5.0,94,0,6,0
1832,3,1.6666666666666667,88,0,12,0
1833,3,1.6666666666666667,87,0,13,0
1834,2,2.5,90,90,10,10
1835,1,5.0,84,0,16,0
1836,1,5.0,86,0,14,0
1837,2,2.5,92,0,8,0
