iteration,temperature,dsp,bram,lut,ff,violation
0,10.0,644,1290,244598,288018,True
1,9.95,370,1549,356712,404531,True
2,9.90025,3384,5939,931801,1112162,True
3,9.85074875,274,2186,1115710,1355669,True
4,9.801495006249999,7392,9937,4575177,5240911,True
5,9.75248753121875,51296,53841,4575177,5240911,True
6,9.703725093562655,1588,2230,203062,238130,True
7,9.65520646809484,668,1286,474254,564658,True
9,9.558895783575593,179,1295,392669,468399,True
10,9.511101304657716,2882,3905,431950,484946,True
12,9.416228069143756,876,1232,109042,129264,True
13,9.369146928798036,15712,17561,1107753,1302764,True
14,9.322301194154047,3256,5302,2140239,2563019,True
16,9.22931123974236,1052,1794,462103,543687,True
17,9.183164683543648,348,822,189062,228151,True
19,9.0915626158253,219,629,81849,97026,True
20,9.046104802746173,526,1134,170070,196628,True
21,9.000874278732443,5227,7406,2809266,3336875,True
22,8.95586990733878,219,1285,274564,324237,True
23,8.911090557802085,111,482,60337,68301,True
24,8.866535105013075,2208,2890,359805,431774,True
25,8.822202429488009,1088,2773,598737,706449,True
26,8.778091417340569,680,1274,197677,232277,True
27,8.734200960253867,1274,1756,190459,227934,True
30,8.603841919146959,242,1263,327150,370354,True
31,8.560822709551223,10468,12402,4397524,5047475,True
32,8.518018596003467,122,1137,323622,363002,True
34,8.433051360508331,5072,6518,1265565,1513021,True
35,8.390886103705789,1164,1834,241621,288534,True
36,8.34893167318726,11588,13546,1459456,1748863,True
37,8.307187014821324,104,638,262535,311078,True
38,8.265651079747217,7792,8280,282042,333853,True
39,8.22432282434848,2666,3404,532592,639976,True
40,8.183201210226738,9378,10498,604332,724455,True
41,8.142285204175604,2011,3854,551213,655365,True
42,8.101573778154727,16272,17734,828573,968109,True
43,8.061065909263952,824,1973,289463,334258,True
44,8.020760579717633,1604,2766,810952,978305,True
45,7.980656776819045,1846,2840,445508,535454,True
46,7.94075349293495,323,877,130642,148253,True
48,7.861544476842923,3984,5012,359041,423006,True
49,7.822236754458708,416,950,322389,383555,True
50,7.783125570686415,689,1401,596486,722100,True
51,7.744209942832983,6441,6871,592732,681581,True
52,7.705488893118818,496,974,88067,103798,True
53,7.666961448653224,7904,10521,2239329,2673930,True
54,7.628626641409958,388,834,201746,237027,True
56,7.552531090661893,2472,3881,537893,637061,True
57,7.514768435208584,1704,2506,279410,329794,True
58,7.477194593032541,1216,1814,238174,281594,True
59,7.439808620067378,46,1229,248384,282587,True
60,7.402609576967041,720,2529,1196553,1433228,True
62,7.328768546436795,52,538,203234,243731,True
64,7.255664080186087,527,2229,1695905,2058190,True
65,7.219385759785157,1948,2542,489757,559417,True
67,7.147372386831301,2420,4466,4427841,5073180,True
68,7.111635524897144,914,1240,147607,176943,True
69,7.076077347272658,8896,9814,904681,1065955,True
70,7.0406969605362955,76,550,173426,205891,True
71,7.005493475733614,113,700,130642,148253,True
72,6.970466008354946,690,1158,99039,116048,True
73,6.935613678313171,1488,2788,402117,470802,True
74,6.900935609921605,258,1279,327150,370354,True
75,6.866430931871998,318,786,99039,116048,True
76,6.832098777212638,720,1737,238094,272382,True
78,6.763948591909941,822,1598,219740,253844,True
80,6.696478204705638,13040,14878,1772031,2144040,True
82,6.6296808346136995,1046,2070,332420,392862,True
83,6.5965324304406305,6462,7094,756368,896887,True
84,6.563549768288428,7464,8586,999135,1204978,True
85,6.530732019446986,187,607,98195,116933,True
88,6.433260027715236,969,1491,282385,333845,True
89,6.40109372757666,954,1672,338800,408584,True
90,6.369088258938777,565,985,106172,125878,True
91,6.337242817644083,1128,2250,999135,1204978,True
92,6.305556603555862,396,838,173426,205891,True
93,6.274028820538083,2754,4590,2841996,3377642,True
94,6.242658676435393,1075,2265,273532,307708,True
95,6.211445383053215,208,2279,676413,791136,True
96,6.1803881561379495,104,1108,292510,324829,True
97,6.14948621535726,6437,8175,1128898,1375126,True
98,6.118738784280473,248,1230,592144,717726,True
101,6.027415843082739,850,2473,411537,475621,True
102,5.9972787638673255,424,1585,771495,882242,True
103,5.967292370047989,484,3036,783889,908154,True
104,5.937455908197749,1604,3574,3112960,3687039,True
105,5.90776862865676,2245,3051,1539494,1765780,True
106,5.878229785513477,7818,8966,491244,581863,True
107,5.848838636585909,3016,5014,1896879,2294507,True
109,5.790496471185965,1451,2007,175497,208869,True
110,5.761543988830035,448,996,145224,170627,True
111,5.732736268885885,5992,7689,2471001,2833097,True
112,5.7040725875414555,344,714,90693,106323,True
113,5.675552224603749,9000,10122,999135,1204978,True
114,5.64717446348073,13112,15158,2140239,2563019,True
115,5.618938591163326,3888,5361,1462669,1682829,True
116,5.59084389820751,812,1578,461832,557214,True
117,5.5628896787164726,4592,5875,763733,896722,True
118,5.5350752303228905,243,674,80353,92698,True
120,5.47986285490042,5616,6899,763733,896722,True
121,5.452463540625917,608,2419,651561,760652,True
122,5.425201222922787,346,828,190459,227934,True
123,5.398075216808174,1963,3095,636029,736911,True
125,5.344229416520512,6784,8529,2525841,2897361,True
126,5.317508269437909,1144,2270,1027455,1236114,True
127,5.29092072809072,1720,2827,526279,609058,True
129,5.238143793828015,233,617,94648,113033,True
130,5.211953074858875,5217,5745,494655,570112,True
132,5.159963842937158,2184,3306,999135,1204978,True
133,5.134164023722472,2792,4257,1403557,1611717,True
134,5.10849320360386,7984,8854,722572,829906,True
135,5.082950737585841,112,646,322389,383555,True
136,5.057535983897911,328,746,124127,147091,True
137,5.032248303978422,936,2939,741807,876683,True
139,4.982051627146237,260,890,172614,193577,True
140,4.957141369010507,3788,5652,839108,1003680,True
141,4.932355662165454,6996,8954,1459456,1748863,True
143,4.883155414435354,210,1204,634068,769260,True
144,4.858739637363177,5313,7129,2835778,3370870,True
145,4.834445939176361,1859,4023,563634,659947,True
146,4.810273709480479,512,1336,180008,207934,True
147,4.786222340933077,1966,2488,149341,176744,True
148,4.762291229228412,91,599,100552,119328,True
149,4.738479773082269,2138,2648,237362,277301,True
151,4.691213437345773,683,1651,312563,349337,True
152,4.667757370159045,2184,4090,4394391,5041296,True
153,4.64441858330825,202,752,194882,234824,True
154,4.621196490391708,195,1368,273532,307708,True
155,4.59809050793975,3408,4881,1462669,1682829,True
156,4.575100055400051,399,2202,593693,697842,True
157,4.5522245551230505,1108,1666,179629,208509,True
158,4.529463432347435,697,1257,461676,557111,True
159,4.506816115185698,2208,4755,4679977,5355503,True
160,4.48428203460977,53024,55667,4939969,5652650,True
161,4.461860624436721,853,1172,91246,104500,True
162,4.4395513213145374,13324,15306,1774335,2148795,True
163,4.417353564707965,1634,2669,327150,370354,True
164,4.3952667968844255,3227,4387,378332,422300,True
165,4.373290462900004,696,1406,205931,241203,True
166,4.351424010585504,6409,7353,905170,1097200,True
167,4.329666890532576,512,1955,963725,1132845,True
168,4.308018556079913,2152,3305,771495,882242,True
169,4.286478463299514,137,583,97005,115428,True
172,4.222502236424962,1498,2316,412638,478608,True
173,4.201389725242837,18104,20150,2140239,2563019,True
174,4.180382776616623,611,1213,130642,148253,True
175,4.15948086273354,15248,16579,1463381,1671890,True
176,4.138683458419872,592,1765,368340,415581,True
177,4.117990041127773,6607,8413,1185821,1436594,True
178,4.097400090922134,468,922,203234,243731,True
179,4.0769130904675235,1032,1578,128335,152286,True
180,4.056528525015186,1252,1866,245684,295303,True
181,4.03624588239011,448,1510,1008769,1191486,True
182,4.01606465297816,1166,2002,521053,625352,True
183,3.9959843297132687,1273,2048,249822,287881,True
184,3.976004408064702,192,1078,311497,368787,True
185,3.9561243860243787,3554,4084,365467,421822,True
186,3.9363437640942567,724,2590,1829992,2210244,True
188,3.8970787350474163,664,1142,180540,211359,True
189,3.877593341372179,400,1082,359805,431774,True
190,3.858205374665318,230,994,219740,253844,True
191,3.8389143477919916,27330,29166,2841996,3377642,True
192,3.8197197760530317,472,998,166979,198082,True
193,3.8006211771727667,961,1577,168031,190234,True
195,3.7627099809304685,584,1226,402285,474251,True
197,3.725176948870687,5392,6723,1463381,1671890,True
198,3.7065510641263337,13007,13721,1283049,1472533,True
199,3.688018308805702,160,588,82915,96480,True
200,3.6695782172616735,56388,58374,4685824,5371519,True
201,3.6512303261753654,15632,16963,1463381,1671890,True
203,3.614809303671766,8188,10150,1473628,1764443,True
204,3.5967352571534073,514,1120,234712,283053,True
205,3.5787515808676402,1336,1958,284628,336890,True
206,3.560857822963302,468,1130,285496,333571,True
207,3.5430535338484854,904,1362,196501,226402,True
208,3.525338266179243,2648,3506,440916,513194,True
209,3.5077115748483467,1744,3217,1462669,1682829,True
210,3.4901730169741048,1729,3566,495767,586215,True
212,3.455358541129788,194,560,81599,96839,True
213,3.438081748424139,1041,1731,273470,330700,True
214,3.420891339682018,15578,16120,455986,523719,True
215,3.403786882983608,1663,2369,434017,526512,True
217,3.3698341088258466,318,784,117363,140036,True
218,3.3529849382817174,816,1524,177651,205539,True
219,3.336220013590309,1464,2314,635611,765614,True
220,3.3195389135223574,1817,3712,850138,991089,True
222,3.286426512859972,464,2598,1265277,1525200,True
223,3.269994380295672,728,1578,635611,765614,True
224,3.2536444083941936,1324,1762,160210,187139,True
225,3.2373761863522224,4088,4982,596707,700398,True
226,3.2211893054204612,2971,3309,204194,237601,True
227,3.2050833588933587,1496,2750,1193367,1432909,True
228,3.189057942098892,275,655,98195,116933,True
229,3.1731126523883972,144,1209,326368,377414,True
230,3.157247089126455,6892,8758,1213636,1467296,True
232,3.1257535494124187,1003,1454,162386,191903,True
233,3.1101247816653568,7324,9254,1326172,1606523,True
234,3.09457415775703,139,711,163931,196288,True
235,3.079101286968245,309,1043,292302,330358,True
236,3.0637057805334034,367,1090,192448,215881,True
237,3.048387251630736,2105,3973,4314263,4947623,True
238,3.0331453153725825,544,1218,256109,302702,True
239,3.0179795887957197,564,1230,342136,395827,True
240,3.0028896908517413,992,1598,279710,331482,True
241,2.9878752423974824,121,556,46691,52995,True
242,2.972935866185495,2912,3830,904681,1065955,True
243,2.9580711868545677,1136,2467,1463381,1671890,True
245,2.9285644267656936,3728,5859,673149,786448,True
247,2.899351996608706,132,746,336984,406747,True
248,2.8848552366256626,408,1088,137156,156943,True
249,2.870430960442534,15656,16166,439502,503789,True
250,2.8560788056403217,3432,4322,540067,638142,True
251,2.84179841161212,42,458,141579,168409,True
252,2.8275894195540596,2896,4230,1644933,1945474,True
253,2.8134514724562893,6628,8534,1171156,1424819,True
254,2.799384215094008,320,1234,848041,1003699,True
255,2.7853872940185376,262,590,83649,97451,True
256,2.771460357548445,2952,3530,348909,416683,True
257,2.7576030557607027,226,836,246818,281923,True
258,2.7438150404818993,10454,12292,2849084,3385436,True
259,2.7300959652794896,3414,5238,821052,983644,True
261,2.7028632580258267,2326,4245,863444,1005655,True
264,2.6625226860418842,443,1186,163264,185805,True
265,2.649210072611675,3424,3970,430453,509795,True
267,2.6227842021373737,696,1837,289463,334258,True
268,2.6096702811266868,3124,3934,384988,446818,True
269,2.5966219297210533,3592,4182,380532,447482,True
270,2.583638820072448,26604,28449,2501625,2868988,True
271,2.5707206259720854,4019,4733,600033,726000,True
272,2.557867022842225,25766,28341,2904387,3444804,True
273,2.5450776877280137,1404,3306,1156984,1409239,True
274,2.5323522992893737,1088,2002,848041,1003699,True
275,2.519690537792927,3397,4365,319114,378296,True
276,2.507092085103962,944,1432,282042,333853,True
277,2.4945566246784425,1659,2755,382281,458727,True
278,2.4820838415550504,2588,3482,871693,1025919,True
280,2.457325055235539,2088,3393,837231,961597,True
281,2.4450384299593613,13048,15042,1868559,2263371,True
283,2.4206491716205165,375,2210,492220,582315,True
285,2.396503196133602,758,1160,136234,163263,True
286,2.3845206801529337,2657,4084,1532154,1814285,True
289,2.348931410936566,33536,35409,2691753,3094156,True
290,2.337186753881883,824,1945,557863,651842,True
291,2.325500820112474,666,1184,438922,504023,True
292,2.3138733160119114,388,834,201746,237027,True
293,2.302303949431852,3296,3710,340671,390867,True
295,2.2793384675362693,933,1367,157071,187024,True
296,2.267941775198588,235,983,279585,334400,True
297,2.256602066322595,458,1014,141750,165492,True
299,2.234092460711027,5216,6278,1008769,1191486,True
300,2.2229219984074717,12949,14059,1575298,1876915,True
301,2.2118073884154343,450,1058,212706,242563,True
302,2.200748351473357,259,1359,488573,578991,True
303,2.1897446097159903,712,1350,380532,447482,True
304,2.17879588666741,706,1174,99039,116048,True
305,2.1679019072340733,2051,3854,593693,697842,True
306,2.157062397697903,15622,16148,433745,497460,True
307,2.1462770857094133,1444,2469,334194,379226,True
308,2.135545700280866,2248,2962,262571,303459,True
310,2.1142436319205644,275,845,495945,600469,True
311,2.1036724137609615,412,1230,328348,384562,True
312,2.0931540516921565,928,1958,415585,494318,True
313,2.0826882814336956,10254,11996,4294416,4925190,True
314,2.072274840026527,3227,4387,378332,422300,True
315,2.0619134658263945,2716,3750,463564,555490,True
316,2.0516038984972624,1756,2522,461832,557214,True
317,2.0413458790047763,264,690,75827,88686,True
318,2.031139149609752,3393,4363,319114,378296,True
319,2.0209834538617035,1022,1528,117363,140036,True
320,2.010878536592395,1996,3862,1213636,1467296,True
321,2.000824143909433,7648,8710,1008769,1191486,True
323,1.9808659230739365,240,1331,613632,696454,True
325,1.9611067854912738,1218,1982,219740,253844,True
326,1.9513012515638175,249,681,43144,49095,True
327,1.9415447453059984,780,1845,475844,541826,True
328,1.9318370215794685,594,1170,234712,283053,True
329,1.9221778364715711,162,1154,438420,527660,True
331,1.9030041125527672,2774,3797,431950,484946,True
332,1.8934890919900034,8512,10257,2525841,2897361,True
333,1.8840216465300534,1320,2442,999135,1204978,True
337,1.846622876013122,57,365,55834,66749,True
338,1.8373897616330563,3896,5840,875191,1043728,True
339,1.828202812824891,481,932,84167,95721,True
340,1.8190617987607667,1366,2472,515516,621657,True
341,1.8099664897669627,4124,5162,659212,797090,True
342,1.800916657318128,331,1378,882622,1036350,True
343,1.7919120740315373,168,770,476600,575555,True
344,1.7829525136613795,16357,17485,632482,733011,True
345,1.7740377510930727,3354,4328,570928,693274,True
346,1.7651675623376073,403,860,59991,68125,True
347,1.7563417245259192,481,1080,141295,161386,True
348,1.7475600159032896,1604,2246,232408,267251,True
349,1.7388222158237732,291,1604,770196,877573,True
350,1.7301281047446544,3852,4990,655936,796601,True
351,1.7214774642209312,1988,2486,326974,392191,True
352,1.7128700768998266,758,1802,837571,988968,True
353,1.7043057265153274,2518,3707,496346,566523,True
354,1.6957841978827508,8896,9958,1008769,1191486,True
355,1.687305276893337,709,1090,98281,111350,True
356,1.6788687505088702,1886,2462,204182,235988,True
357,1.6704744067563257,304,1164,243387,284894,True
358,1.662122034722544,2312,3206,596707,700398,True
359,1.6538114245489313,11664,13894,1525269,1822347,True
360,1.6455423674261866,5200,6534,1644933,1945474,True
361,1.6373146555890556,20656,22114,1754205,2080013,True
362,1.6291280823111103,830,2596,1772732,2148220,True
363,1.6209824418995546,2394,2944,194882,234824,True
364,1.6128775296900568,6652,8614,1473628,1764443,True
366,1.5967890763313985,26416,28566,2975421,3525632,True
367,1.5888051309497415,18753,20651,1067738,1266225,True
368,1.5808611052949928,2804,3470,342136,395827,True
369,1.5729567997685179,174,1266,414204,499287,True
370,1.5650920157696753,1496,2192,239395,279619,True
371,1.557266555690827,6624,9141,1348809,1618255,True
372,1.5494802229123728,384,1473,436096,505990,True
374,1.5340241576888218,5664,6470,532771,609453,True
375,1.5263540369003776,1032,1710,286901,342678,True
376,1.5187222667158757,1894,3016,611420,732249,True
378,1.503573012105385,3024,5282,4751637,5445003,True
379,1.496055147044858,1244,1922,360839,431695,True
381,1.4811319969530854,1282,1760,239362,284055,True
382,1.47372633696832,1504,2234,709821,819550,True
383,1.4663577052834784,403,997,674243,779936,True
385,1.4517307871732756,1172,1676,114195,134450,True
386,1.4444721332374093,262,1320,498884,593022,True
387,1.4372497725712223,1680,3046,568581,670962,True
388,1.4300635237083663,287,930,620851,711034,True
389,1.4229132060898244,410,930,132473,156816,True
390,1.4157986400593754,2144,3034,368137,431043,True
391,1.4087196468590786,904,1350,176834,213051,True
393,1.3946676683816592,26104,27955,2641537,3027044,True
394,1.3876943300397508,561,1013,62533,72992,True
395,1.380755858389552,2680,5243,2041657,2448898,True
396,1.3738520790976043,640,2486,1772031,2144040,True
397,1.3669828187021162,2704,3737,313710,361598,True
400,1.3465804292601349,1474,1972,174528,201701,True
401,1.3398475271138341,548,1036,150043,175904,True
402,1.333148289478265,3296,3644,301816,346177,True
403,1.3264825480308735,26102,28282,2820855,3351749,True
404,1.319850135290719,521,973,62533,72992,True
405,1.3132508846142654,360,990,749240,890179,True
406,1.306684630191194,5392,6854,1810845,2142269,True
408,1.2936504510050368,4558,6430,837684,1012279,True
409,1.2871821987500116,8818,10247,1025903,1196615,True
410,1.2807462877562616,728,1466,474331,558787,True
411,1.2743425563174804,7184,9315,673149,786448,True
412,1.267970843535893,3544,4394,635611,765614,True
414,1.2553228343716223,18232,20278,2140239,2563019,True
415,1.249046220199764,119,575,66080,76892,True
416,1.2428009890987652,4004,5071,580644,656418,True
417,1.2365869841532715,12912,14243,1463381,1671890,True
418,1.2304040492325052,468,2330,1199464,1451716,True
419,1.2242520289863428,1302,1810,190022,227717,True
420,1.2181307688414111,3536,4518,592144,717726,True
421,1.212040114997204,960,2649,794385,948049,True
422,1.2059799144222179,508,842,102921,121423,True
423,1.1999500148501068,26177,27273,2412682,2769368,True
424,1.1939502647758562,2084,3123,438994,493818,True
425,1.187980513451977,1452,2046,254798,307506,True
427,1.1761304078302934,1536,3578,1234461,1490560,True
428,1.170249755791142,2016,3050,513473,615118,True
429,1.1643985070121863,374,688,83649,97451,True
430,1.1585765144771254,2120,2734,338822,402594,True
431,1.1527836319047398,51707,54287,4570462,5229002,True
432,1.147019713745216,388,906,227089,268679,True
433,1.14128461517649,3352,4090,474331,558787,True
435,1.1299003011401043,370,980,246818,281923,True
436,1.1242507996344038,12921,14791,1925338,2330449,True
437,1.1186295456362318,313,821,84167,95721,True
438,1.1130363979080506,1932,3105,343688,398929,True
443,1.0854873592390895,312,1438,1027455,1236114,True
444,1.080059922442894,8432,10664,1207381,1420987,True
446,1.069286324716526,572,1983,348349,401485,True
447,1.0639398930929433,758,1752,445508,535454,True
450,1.0480604571960446,2603,3519,1231021,1410219,True
451,1.0428201549100644,25858,28423,3009187,3559396,True
453,1.0324180238648366,3880,5130,1165047,1401773,True
455,1.022119654076785,402,1392,438420,527660,True
456,1.017009055806401,432,1114,359805,431774,True
458,1.006864390474732,736,1160,169506,194626,True
460,0.9968209181797466,580,2446,1829992,2210244,True
461,0.9918368135888479,451,986,102322,117117,True
462,0.9868776295209036,3220,3636,378274,449081,True
463,0.9819432413732991,374,724,74511,89045,True
464,0.9770335251664326,364,882,168657,200778,True
465,0.9721483575406005,1928,3226,2564343,2952109,True
466,0.9672876157528975,180,878,448952,511027,True
467,0.962451177674133,131,619,100552,119328,True
468,0.9576389217857624,3548,4586,659212,797090,True
469,0.9528507271768336,3786,5606,813964,975850,True
470,0.9480864735409494,2548,3306,402720,486102,True
472,0.9386293109673784,651,1426,146200,166109,True
473,0.9339361644125416,1377,1931,171950,204969,True
474,0.9292664835904788,4938,6854,1073956,1272997,True
476,0.9199970504166638,3752,4979,658608,750873,True
478,0.9108200798387576,6211,8125,3099317,3671917,True
479,0.9062659794395638,169,621,62533,72992,True
480,0.9017346495423659,1378,1984,234712,283053,True
481,0.8972259762946541,1956,2582,509588,615591,True
482,0.8927398464131808,3792,5126,1644933,1945474,True
483,0.8882761471811149,1259,1899,242822,276807,True
484,0.8838347664452093,106,1096,438420,527660,True
485,0.8794155926129833,2448,4580,890749,1061584,True
486,0.8750185146499184,902,1812,244553,288844,True
487,0.8706434220766688,5816,7838,3015759,3584747,True
490,0.8576489601717466,129,704,102322,117117,True
491,0.8533607153708879,418,870,95756,110595,True
492,0.8490939117940334,224,1362,634996,768717,True
493,0.8448484422350632,1745,2539,519398,599012,True
494,0.8406242000238878,6612,8474,1199464,1451716,True
495,0.8364210790237684,498,1014,99039,116048,True
496,0.8322389736286495,1024,2337,693013,821458,True
497,0.8280777787605063,652,1646,590200,717246,True
498,0.8239373898667037,1906,2288,191977,219395,True
500,0.8157186144027834,2204,3006,296714,341786,True
501,0.8116400213307694,113,617,69995,80141,True
502,0.8075818212241156,1376,2110,738141,850686,True
503,0.803543912117995,3228,3970,462103,543687,True
504,0.7995261925574051,866,1634,276380,316100,True
505,0.795528561594618,5227,6261,2362853,2715700,True
506,0.791550918786645,1327,1697,129300,156425,True
507,0.7875931641927117,5251,7150,853685,994989,True
508,0.7836551983717482,3408,4881,1462669,1682829,True
509,0.7797369223798895,406,1036,179690,202499,True
510,0.77583823776799,9016,10270,1193367,1432909,True
513,0.764258755089523,4003,5125,534595,622754,True
515,0.7566352740075051,131,831,279585,334400,True
516,0.7528520976374675,258,1279,327150,370354,True
517,0.7490878371492802,483,952,109912,129692,True
518,0.7453423979635337,6424,8464,1135183,1340875,True
519,0.7416156859737161,2776,4018,665559,792333,True
520,0.7379076075438475,20656,22114,1754205,2080013,True
521,0.7342180695061283,952,1694,530971,621043,True
522,0.7305469791585977,724,1374,285496,333571,True
523,0.7268942442628047,26944,28422,2568957,2952765,True
524,0.7232597730414907,25,617,102322,117117,True
525,0.7196434741762833,4303,5003,279585,334400,True
526,0.7160452568054019,3880,5002,999135,1204978,True
528,0.708902705368768,5788,6554,461832,557214,True
529,0.7053581918419242,2848,4211,1244503,1415813,True
530,0.7018314008827146,254,1531,271473,308799,True
531,0.698322243878301,2251,4434,2865906,3399131,True
532,0.6948306326589095,13654,15113,1348111,1542567,True
533,0.691356479495615,1619,2181,329929,400981,True
534,0.6878996970981369,5414,6024,504442,582242,True
535,0.6844601986126463,3504,4962,1754205,2080013,True
537,0.6776327081314851,504,1535,356591,403361,True
538,0.6742445445908277,204,2068,839108,1003680,True
539,0.6708733218678736,225,1093,531373,635051,True
540,0.6675189552585342,3954,4678,436688,529384,True
541,0.6641813604822415,474,1602,404842,485851,True
544,0.6542683706543739,1392,2505,359167,419626,True
545,0.6509970288011021,16198,18118,1081044,1280791,True
547,0.6445033334388112,2676,3454,543564,652226,True
549,0.638074412687759,568,1675,526279,609058,True
550,0.6348840406243202,1404,2454,321361,379742,True
551,0.6317096204211986,6454,7068,684002,790602,True
554,0.6222812753727096,51394,53973,4477251,5129284,True
555,0.619169868995846,678,1869,285121,322582,True
556,0.6160740196508668,464,1162,264290,307903,True
557,0.6129936495526125,129,827,276038,330500,True
558,0.6099286813048495,5632,7379,2630641,3011953,True
559,0.6068790378983252,248,2128,821815,986160,True
561,0.6008254194952893,1316,1914,268970,323086,True
562,0.5978212923978129,202,652,140508,162451,True
563,0.5948321859358239,38,488,116918,140369,True
564,0.5918580250061447,262,976,286776,345266,True
565,0.588898734881114,1396,2190,316796,368130,True
566,0.5859542412067085,1132,1574,173426,205891,True
567,0.5830244700006749,8040,9290,1165047,1401773,True
568,0.5801093476506716,3952,6198,3235413,3822779,True
569,0.5772088009124182,6888,8051,876295,996834,True
570,0.5743227569078562,1232,3474,3178773,3760523,True
571,0.5714511431233169,5376,7249,2691753,3094156,True
572,0.5685938874077003,3300,4334,645040,781510,True
573,0.5657509179706618,134,656,323785,370596,True
574,0.5629221633808085,6080,7827,2630641,3011953,True
575,0.5601075525639044,5193,6177,2304466,2647536,True
576,0.5573070148010849,193,1160,224827,254441,True
577,0.5545204797270795,425,2825,1217325,1467335,True
578,0.5517478773284441,280,1447,445367,506324,True
579,0.5489891379418019,875,1359,272995,323846,True
580,0.5462441922520929,152,1316,326260,384525,True
581,0.5435129712908324,664,1058,99655,116875,True
582,0.5407954064343783,3608,4354,474331,558787,True
583,0.5380914294022064,909,1501,315400,374092,True
584,0.5354009722551955,13416,15362,1851927,2234736,True
586,0.5300603475569499,640,1314,256109,302702,True
587,0.5274100458191651,1286,2086,276380,316100,True
588,0.5247729955900692,2404,3002,268970,323086,True
590,0.5195383849590582,1464,2617,771495,882242,True
591,0.5169406930342629,433,883,93567,107865,True
592,0.5143559895690916,2648,4598,1880247,2265872,True
594,0.5092252885731399,904,1294,126134,149074,True
595,0.5066791621302742,78,586,117363,140036,True
596,0.5041457663196228,3300,4334,645040,781510,True
598,0.4991169123005845,948,1390,173426,205891,True
599,0.4966213277390816,13091,14093,1508837,1794612,True
600,0.4941382211003862,436,882,203234,243731,True
601,0.4916675299948843,721,1881,378332,422300,True
602,0.48920919234490984,874,1586,279688,337472,True
603,0.4867631463831853,971,1943,322661,382196,True
606,0.47949814557802295,321,1323,319114,378296,True
608,0.4747151515758821,3008,3782,385315,451533,True
609,0.47234157581800273,12992,15473,4521801,5183343,True
610,0.4699798679389127,1866,3782,1073956,1272997,True
611,0.4676299685992182,352,1414,1008769,1191486,True
612,0.4652918187562221,15144,16578,1599189,1898309,True
613,0.462965359662441,13008,14481,1462669,1682829,True
614,0.4606505328641288,410,1182,771758,915484,True
615,0.4583472801998082,200,558,124127,147091,True
616,0.45605554379880914,1633,2580,367400,442102,True
618,0.45150638974941604,476,1258,250788,288026,True
619,0.449248857800669,6874,8736,1117988,1361319,True
620,0.44700261351166565,2308,2762,286306,343507,True
621,0.4447676004441073,1030,2211,461512,519123,True
622,0.44254376244188676,984,2149,340567,391732,True
623,0.44033104362967734,480,1010,294069,352419,True
624,0.43812938841152893,17824,20371,4679977,5355503,True
626,0.4337590477621239,1412,2026,244598,288018,True
627,0.43159025252331323,10544,12694,2975421,3525632,True
628,0.42943230126069665,2344,3466,999135,1204978,True
629,0.42728513975439314,479,2330,610325,726477,True
630,0.42514871405562116,82,738,246818,281923,True
631,0.42302297048534304,168,1058,540067,638142,True
633,0.41880331635475176,640,1530,368137,431043,True
634,0.416709299772978,364,2294,1326172,1606523,True
635,0.4146257532741131,4576,5857,856280,975905,True
636,0.41255262450774255,3921,4505,219496,263500,True
637,0.4104898613852038,1348,3210,1199464,1451716,True
638,0.40843741207827783,2987,3709,529921,637104,True
640,0.404363248892797,1142,1620,183371,220140,True
641,0.402341432648333,5736,7682,1851927,2234736,True
642,0.4003297254850913,2624,3751,487847,548801,True
643,0.39832807685766586,689,1276,130642,148253,True
644,0.3963364364733775,482,1000,211587,254612,True
647,0.3904210656169578,6799,8698,853685,994989,True
648,0.388468960288873,520,1815,459999,528205,True
649,0.38652661548742867,649,1246,197935,223642,True
651,0.3826710124979416,10411,11541,1674749,1991407,True
652,0.3807576574354519,3168,5689,1979337,2376783,True
653,0.3788538691482747,273,687,171872,209129,True
654,0.3769595998025333,1676,3478,1160260,1409728,True
655,0.37507480180352065,1778,3575,1186795,1407558,True
656,0.37319942779450305,2824,4770,1851927,2234736,True
657,0.37133343065553054,166,730,201724,243017,True
658,0.3694767635022529,164,1167,187710,210237,True
659,0.36762937968474163,859,2289,372970,432237,True
660,0.3657912327863179,1274,1896,179690,202499,True
661,0.36396227662238634,13576,15522,1851927,2234736,True
662,0.3621424652392744,2009,2813,261591,296602,True
665,0.35673744367777005,7816,8686,936571,1111374,True
668,0.35141309273869886,1322,2037,746526,885488,True
669,0.3496560272750054,216,726,152807,182502,True
670,0.3479077471386304,1144,2270,1027455,1236114,True
671,0.3461682084029372,948,1358,177023,210875,True
672,0.3444373673609225,611,2038,741674,867117,True
673,0.34271518052411787,960,2773,764649,903244,True
674,0.34100160462149726,738,1860,1522404,1812575,True
675,0.3392965965983898,25846,26977,2306714,2646767,True
676,0.3376001136153978,431,2114,473249,560910,True
677,0.3359121130473208,3284,4274,604372,732826,True
678,0.3342325524820842,108,862,388548,470522,True
679,0.3325613897196738,2599,3081,272995,323846,True
680,0.3308985827710754,3376,4705,1358581,1557298,True
681,0.32924408985722003,3712,5587,2796553,3208748,True
682,0.32759786940793395,1206,2457,298453,341622,True
683,0.32595988006089427,403,899,100552,119328,True
684,0.32433008066058977,3642,5366,726508,878954,True
685,0.3227084302572868,1144,1742,272269,320797,True
686,0.32109488810600034,421,973,171950,204969,True
687,0.31948941366547035,668,2498,1759803,2128940,True
688,0.31789196659714297,950,2099,408072,461491,True
689,0.3163025067641573,6928,9074,2918781,3463376,True
690,0.3147209942303365,584,1010,152220,180223,True
691,0.31314738925918484,2712,3102,126134,149074,True
692,0.3115816523128889,1048,2160,386559,452946,True
693,0.3100237440513245,1456,2689,612920,707393,True
694,0.30847362533106787,16696,17594,1335259,1540782,True
695,0.30693125720441256,1798,2524,443776,537178,True
696,0.3053966009183905,5744,6883,683423,791370,True
698,0.3023502698242295,2440,4482,2111919,2531883,True
699,0.3008385184751084,1607,2041,596279,685481,True
700,0.29933432588273284,6712,7966,1193367,1432909,True
701,0.29783765425331915,2539,4406,706229,837069,True
702,0.29634846598205256,1328,2574,1583631,1880453,True
703,0.2948667236521423,3422,4524,652052,792145,True
704,0.29339239003388157,666,1652,570928,693274,True
705,0.29192542808371214,8390,10310,1081044,1280791,True
706,0.29046580094329355,1114,1644,365467,421822,True
707,0.28901347193857707,665,1251,151190,180033,True
708,0.28756840457888416,1627,2374,219904,248061,True
709,0.28613056255598973,7120,8353,612920,707393,True
710,0.2846999097432098,30592,32467,2796553,3208748,True
711,0.28327641019449373,1053,1741,216926,259388,True
712,0.2818600281435213,25623,27545,2743453,3263391,True
713,0.2804507280028037,15952,18179,933141,1083595,True
714,0.2790484743627897,6436,7066,775640,920859,True
715,0.27765323199097575,226,832,234712,283053,True
716,0.2762649658310209,688,1222,322389,383555,True
717,0.2748836410018658,1262,2054,221492,251788,True
718,0.27350922279685647,2191,4090,853685,994989,True
719,0.2721416766828722,138,584,129146,155469,True
720,0.27078096829945786,2956,3722,461832,557214,True
721,0.2694270634579606,484,1102,343572,416103,True
722,0.2680799281406708,419,907,100552,119328,True
723,0.2667395284999674,178,1359,461512,519123,True
724,0.26540583085746755,323,1327,322661,382196,True
725,0.2640788017031802,5248,7835,2196673,2630602,True
726,0.2627584076946643,683,2550,706229,837069,True
727,0.261444615656191,1876,2662,561955,639529,True
728,0.26013739257791,992,1526,322389,383555,True
729,0.2588367056150205,5696,6742,736129,876862,True
730,0.2575425220869454,543,1641,274564,324237,True
731,0.25625480947651064,450,1246,219740,253844,True
732,0.2549735354291281,656,1284,164450,190078,True
734,0.2524301744132226,398,2097,475920,563782,True
735,0.25116802354115647,15564,16142,456957,524822,True
737,0.24866262250633345,5322,7142,813964,975850,True
738,0.24741930939380177,43,1228,236795,267713,True
739,0.24618221284683275,3909,4653,276038,330500,True
740,0.24495130178259858,172,1185,220639,251349,True
743,0.24129537298458056,48,618,152807,182502,True
744,0.24008889611965767,2062,2788,443776,537178,True
745,0.2388884516390594,155,743,197935,223642,True
746,0.2376940093808641,428,954,261203,312658,True
747,0.2365055393339598,5736,7778,2111919,2531883,True
748,0.23532301163729,2308,2762,286306,343507,True
749,0.23414639657910355,1449,2159,596486,722100,True
752,0.23065173234186084,126,694,141750,165492,True
753,0.22949847368015153,220,1070,435164,499762,True
754,0.22835098131175077,848,3076,1150741,1358731,True
755,0.227209226405192,1416,2252,315163,374014,True
757,0.22494281437180022,688,1390,524509,620286,True
758,0.22381810029994123,6916,7570,702058,810638,True
760,0.2215855147494493,7846,8968,611420,732249,True
761,0.22047758717570204,4576,5819,819430,927897,True
762,0.21937519923982352,566,1685,423935,485310,True
763,0.2182783232436244,1831,3522,485477,576010,True
764,0.21718693162740627,13049,15233,1842930,2219483,True
766,0.21502049198442288,508,878,122183,146611,True
767,0.21394538952450076,212,822,216278,256882,True
768,0.21287566257687826,1225,2029,219904,248061,True
770,0.2107522278426739,1384,2650,1710327,2031021,True
772,0.2086499743699432,904,1999,394263,448850,True
773,0.20760672449809348,1804,2426,357744,431683,True
775,0.205535847421225,458,864,129146,155469,True
776,0.20450816818411888,18776,19678,907291,1065262,True
777,0.20348562734319828,3010,4834,1188492,1439466,True
778,0.2024681992064823,3369,4644,556564,647173,True
779,0.20145585821044987,417,971,171950,204969,True
780,0.20044857891939763,870,1476,190178,219667,True
782,0.19844910434467664,1318,1942,185256,219535,True
784,0.19646957452883848,234,682,129146,155469,True
785,0.19548722665619428,449,893,97005,115428,True
786,0.1945097905229133,1963,3702,540317,640274,True
787,0.19353724157029875,816,2289,1462669,1682829,True
788,0.19256955536244727,844,1286,173426,205891,True
789,0.19160670758563503,406,1012,778344,925759,True
790,0.19064867404770686,2470,3464,445508,535454,True
791,0.18969543067746833,1636,2242,352042,422862,True
792,0.188746953524081,13142,14972,1826108,2205788,True
793,0.18780321875646058,347,727,108673,123834,True
794,0.18686420266267828,279,1065,760169,900610,True
795,0.1859298816493649,1894,3905,602301,702900,True
796,0.18500023224111806,7811,8943,488573,578991,True
798,0.18315485492451292,716,1400,480046,551034,True
799,0.18223908064989036,1330,2082,338800,408584,True
802,0.17951913959130567,102,2504,629193,733699,True
803,0.17862154389334914,932,2094,810952,978305,True
804,0.1777284361738824,1840,3975,729789,848704,True
805,0.17683979399301297,1050,1602,194882,234824,True
806,0.17595559502304792,2659,3437,1395585,1611760,True
807,0.17507581704793268,1308,2366,857905,1014654,True
808,0.17420043796269302,5812,6846,645040,781510,True
809,0.17332943577287957,5227,7247,2787297,3312456,True
810,0.17246278859401518,2033,3872,547666,651465,True
811,0.1716004746510451,4248,4938,404540,463871,True
812,0.17074247227778988,2704,4179,1567469,1797421,True
813,0.16988875991640093,3664,5126,1810845,2142269,True
814,0.1690393161168189,834,2656,813964,975850,True
815,0.1681941195362348,259,1231,322661,382196,True
817,0.16651638319386086,1753,2201,174597,201369,True
818,0.16568380127789156,76,706,216278,256882,True
819,0.1648553822715021,437,863,177768,212961,True
821,0.16321094983334386,1929,2403,245345,292056,True
822,0.16239489508417715,482,1000,124451,147830,True
824,0.16077500600571248,307,806,84167,95721,True
825,0.1599711309756839,3446,4572,807068,973849,True
826,0.1591712753208055,338,856,124451,147830,True
827,0.15837541894420146,844,1824,281464,333054,True
828,0.15758354184948045,452,1042,162565,188813,True
830,0.15601164601953188,2288,4454,4548285,5210112,True
831,0.15523158778943422,164,588,75827,88686,True
834,0.15291473693772845,385,1800,1043514,1247293,True
835,0.15215016325303982,895,1373,181315,216861,True
836,0.15138941243677462,55488,57698,4508277,5176491,True
837,0.15063246537459074,2027,2607,163931,196288,True
838,0.1498793030477178,220,842,357744,431683,True
839,0.1491299065324792,3488,6098,1016673,1176650,True
840,0.1483842569998168,7744,8806,1008769,1191486,True
841,0.14764233571481772,422,1575,349943,394272,True
842,0.14690412403624362,175,1858,473249,560910,True
844,0.14543875539898207,5712,7858,2918781,3463376,True
845,0.14471156162198717,4736,5770,472225,556574,True
846,0.14398800381387725,2602,4586,1782321,2154245,True
847,0.14326806379480786,2344,3012,199509,235902,True
848,0.1425517234758338,3266,5088,813964,975850,True
849,0.14183896485845462,372,1038,342136,395827,True
850,0.14112977003416236,25952,28593,4835169,5538058,True
851,0.14042412118399153,1492,3354,1199464,1451716,True
852,0.13972200057807158,53088,55729,4835169,5538058,True
854,0.1383282736223053,864,2179,338485,390530,True
855,0.13763663225419376,4296,6242,1851927,2234736,True
856,0.13694844909292278,416,862,274078,328407,True
857,0.13626370684745817,280,1130,635611,765614,True
858,0.1355823883132209,1464,2737,623599,731197,True
859,0.13490447637165479,118,720,201970,242618,True
860,0.1342299539897965,3008,3954,1275049,1464243,True
861,0.13355880421984753,1778,3678,1115710,1355669,True
862,0.1328910101987483,6224,7306,715585,825086,True
863,0.13222655514775455,5616,8037,991625,1172335,True
864,0.1315654223720158,6436,6938,636322,731283,True
865,0.13090759526015572,3256,5302,2140239,2563019,True
866,0.13025305728385494,824,1530,531523,640083,True
867,0.12960179199743566,4112,5283,897055,1021770,True
868,0.12895378303744848,966,2149,323354,373243,True
869,0.12830901412226123,628,1438,384988,446818,True
871,0.12702913170639166,274,912,201931,228758,True
872,0.1263939860478597,1812,2630,1313324,1516290,True
874,0.1251332060370323,3656,5094,1655829,1960565,True
875,0.12450754000684713,1364,2254,561595,656934,True
876,0.1238850023068129,1004,2034,1502572,1785986,True
877,0.12326557729527884,13280,14230,1331689,1526499,True
878,0.12264924940880245,1622,2724,414204,499287,True
880,0.12142582314594966,2177,3978,590146,693942,True
881,0.12081869403021991,2323,4107,647398,752108,True
882,0.12021460056006882,358,1450,414204,499287,True
883,0.11961352755726846,2442,3463,323622,363002,True
884,0.11901545991948212,326,968,246818,281923,True
885,0.1184203826198847,2595,4574,1742412,2108235,True
886,0.11782828070678528,1283,2299,356363,397881,True
887,0.11723913930325135,3209,4139,557285,678152,True
888,0.11665294360673509,1408,2585,396376,463617,True
889,0.11606967888870141,1056,1806,353436,427058,True
890,0.1154893304942579,212,788,414924,491052,True
891,0.1149118838417866,676,1865,558468,640749,True
892,0.11433732442257767,1346,3170,1188492,1439466,True
893,0.11376563780046478,1689,3488,590146,693942,True
894,0.11319680961146246,538,1098,170070,196628,True
895,0.11263082556340515,244,730,173426,205891,True
896,0.11206767143558811,219,1218,251563,283289,True
897,0.11150733307841017,195,1353,229732,259164,True
899,0.11039504743095302,111,667,175497,208869,True
900,0.10984307219379826,1972,2614,220026,262654,True
904,0.10766263235786717,966,1544,241800,290847,True
905,0.10712431919607784,739,1871,362371,407257,True
906,0.10658869760009745,107,617,69995,80141,True
907,0.10605575411209697,526,994,117363,140036,True
908,0.10552547534153649,594,1390,219740,253844,True
909,0.1049978479648288,26576,28722,2918781,3463376,True
910,0.10447285872500466,921,2017,485026,575091,True
911,0.10395049443137963,468,1086,343572,416103,True
912,0.10343074195922274,144,826,359805,431774,True
913,0.10291358824942662,250,886,455317,520721,True
916,0.10137759008060539,968,2065,338407,394690,True
917,0.10087070213020236,1025,1995,319114,378296,True
918,0.10036634861955135,526,994,117363,140036,True
919,0.09986451687645359,696,1546,635611,765614,True
920,0.09936519429207132,13712,15187,1567469,1797421,True
921,0.09886836832061095,1222,1956,609792,736666,True
922,0.09837402647900789,123,585,69995,80141,True
923,0.09788215634661285,362,1456,421292,507081,True
924,0.09739274556487978,98,696,194882,234824,True
925,0.09690578183705538,7488,9185,1126545,1347025,True
926,0.0964212529278701,1628,2178,253645,304236,True
927,0.09593914666323075,1337,2053,758115,900362,True
928,0.09545945092991459,466,1588,799980,966055,True
929,0.09498215367526502,952,1462,302172,347679,True
930,0.0945072429068887,114,1135,218778,248348,True
931,0.09403470669235425,3954,4484,236059,284828,True
932,0.09356453315889249,659,1169,436251,501151,True
933,0.09309671049309802,2918,3912,445508,535454,True
934,0.09263122694063253,1286,1928,246818,281923,True
935,0.09216807080592937,884,1330,203234,243731,True
937,0.09124869429964023,9448,10603,876295,996834,True
938,0.09079245082814204,481,1016,102322,117117,True
940,0.08988679613113132,89,667,149304,176633,True
941,0.08943736215047567,2587,3747,378332,422300,True
942,0.08899017533972328,25659,27342,2447733,2804009,True
944,0.08810249834070955,596,1006,177023,210875,True
945,0.087661985849006,2896,4358,1810845,2142269,True
946,0.08722367591976098,802,1362,146645,172396,True
947,0.08678755754016217,1348,1816,179050,215467,True
948,0.08635361975246135,2828,4133,1325593,1517262,True
949,0.08592185165369905,248,990,530971,621043,True
951,0.0850647811834534,1132,2211,580644,656418,True
952,0.08463945727753613,511,967,66080,76892,True
954,0.08379517869119271,322,2190,830596,1004485,True
955,0.08337620279773675,832,2139,631797,736562,True
957,0.08254452517482933,102,540,91412,106363,True
958,0.08213180254895518,59,509,61821,72333,True
959,0.0817211435362104,235,839,175497,208869,True
960,0.08131253781852936,1244,1690,201746,237027,True
961,0.08090597512943672,351,669,160615,184793,True
962,0.08050144525378954,9356,10530,1157284,1392861,True
964,0.07969844333738299,170,1288,604332,724455,True
965,0.07929995112069607,1301,2118,204725,229630,True
966,0.0789034513650926,569,1265,276038,330500,True
967,0.07850893410826713,1078,2200,611420,732249,True
968,0.0781163894377258,1246,3166,1081044,1280791,True
970,0.07733717845308448,3002,4132,1581516,1883687,True
971,0.07695049256081905,3532,4570,659212,797090,True
972,0.07656574009801496,736,1422,388125,462910,True
973,0.0761829113975249,6538,7604,953343,1147878,True
975,0.07542298685633458,3752,5059,942031,1076189,True
976,0.0750458719220529,186,790,141750,165492,True
977,0.07467064256244264,1379,1997,829259,961640,True
978,0.07429728934963042,10604,11762,2444044,2803970,True
979,0.07392580290288227,742,1464,345888,416378,True
980,0.07355617388836785,2168,3294,1027455,1236114,True
981,0.07318839301892602,1138,2964,1819020,2197994,True
982,0.0728224510538314,2944,3622,375124,435863,True
983,0.07245833879856224,826,1400,234712,283053,True
984,0.07209604710456943,1664,2274,324756,391647,True
985,0.07173556686904659,1670,2790,498332,589657,True
986,0.07137688903470135,4328,5483,876295,996834,True
987,0.07102000458952784,25792,27537,2525841,2897361,True
988,0.0706649045665802,25637,26625,2287416,2625220,True
989,0.0703115800437473,1075,2233,273532,307708,True
991,0.06961022203281092,552,1302,230299,269829,True
992,0.06926217092264686,358,1352,445508,535454,True
993,0.06891586006803363,1036,2176,2306714,2646767,True
994,0.06857128076769346,2732,3770,659212,797090,True
995,0.068228424363855,2152,3457,837231,961597,True
996,0.06788728224203572,5216,6974,2746696,3268540,True
997,0.06754784583082554,7126,8952,1195580,1447260,True
998,0.06721010660167141,3913,4355,178952,216255,True
999,0.06687405606866305,1785,2945,632482,733011,True
1000,0.06653968578831973,1212,1978,240074,279530,True
1002,0.06587595242258124,289,1157,531373,635051,True
1003,0.06554657266046833,635,2288,1698517,1997513,True
1004,0.06521883979716599,1088,2002,848041,1003699,True
1005,0.06489274559818016,87,1835,475852,562044,True
1006,0.06456828187018926,462,930,99039,116048,True
1007,0.06424544046083831,272,1030,255548,306258,True
1008,0.06392421325853412,1424,2758,1644933,1945474,True
1009,0.06360459219224145,833,1803,319114,378296,True
1010,0.06328656923128025,13216,15763,4679977,5355503,True
1011,0.06297013638512385,2441,3882,477770,546829,True
1012,0.06265528570319823,69152,71795,4939969,5652650,True
1013,0.06234200927468223,6604,7266,761170,881750,True
1016,0.061411546993506434,386,744,147607,176943,True
1017,0.061104489258538904,89,673,102322,117117,True
1018,0.06079896681224621,620,2486,1213636,1467296,True
1019,0.06049497197818498,1194,2312,604332,724455,True
1020,0.06019249711829405,1384,2547,876295,996834,True
1022,0.05959207695953907,530,1122,108734,125428,True
1023,0.05929411657474137,1298,1890,213524,253936,True
1024,0.058997645991867666,1060,2283,623496,707409,True
1025,0.058702657761908326,1040,2371,1463381,1671890,True
1026,0.058409144473098785,18192,20426,2155797,2580875,True
1027,0.058117098750733294,223,1163,288581,342868,True
1028,0.05782651325697963,1603,2646,825982,974094,True
1029,0.05753738069069473,2264,3390,1027455,1236114,True
1030,0.057249693787241256,676,1753,475844,541826,True
1031,0.05696344531830505,696,1863,229068,258553,True
1032,0.05667862809171353,1384,2634,1165047,1401773,True
1033,0.05639523495125496,1844,3859,609345,711772,True
1034,0.056113258776498684,211,757,324227,392160,True
1035,0.05583269248261619,476,954,201746,237027,True
1036,0.055553529020203114,4016,5489,1462669,1682829,True
1037,0.0552757613751021,620,2281,523381,599085,True
1038,0.05499938256822659,171,585,75376,89061,True
1039,0.054724385655385455,116,746,268970,323086,True
1040,0.054450763727108525,5264,7478,3087957,3664859,True
1041,0.054178509908472984,4166,6038,837684,1012279,True
1042,0.05390761735893062,133,685,171950,204969,True
1044,0.05336988887577528,5024,7571,4679977,5355503,True
1045,0.05310303943139641,2506,3654,314479,349248,True
1046,0.05283752423423943,15128,17078,1880247,2265872,True
1047,0.05257333661306823,634,1218,110589,123745,True
1049,0.05204891758035288,2024,2830,331826,385250,True
1050,0.051788672992451115,142,524,315527,363037,True
1051,0.05152972962748886,3254,4245,378510,427314,True
1052,0.05127208097935142,2724,3758,645040,781510,True
1053,0.05101572057445466,6344,7238,596707,700398,True
1054,0.050760641971582386,1534,2754,954585,1150919,True
1055,0.050506838761724474,1776,2804,359041,423006,True
1056,0.05025430456791585,180,638,241618,284579,True
1057,0.05000303304507627,454,934,190385,228948,True
1058,0.04975301787985089,2408,3563,876295,996834,True
1059,0.04950425279045163,366,1615,271473,308799,True
1061,0.04901044786886688,6864,9010,2918781,3463376,True
1063,0.048521568651374934,966,2145,356712,404531,True
1064,0.04827896080811806,3324,3790,408518,485303,True
1065,0.04803756600407747,2209,3429,443508,526605,True
1066,0.04779737817405708,1067,1501,88275,105579,True
1067,0.0475583912831868,2251,2645,258491,312805,True
1068,0.047320599326770865,28048,30483,3019657,3574127,True
1069,0.04708399633013701,602,1176,234712,283053,True
1071,0.046614333466743894,645,2515,704449,849349,True
1072,0.04638126179941018,102,748,145291,166502,True
1073,0.04614935549041312,5444,7402,1459456,1748863,True
1074,0.04591860871296106,192,1090,575401,689075,True
1075,0.04568901566939625,340,1566,642759,777629,True
1076,0.04546057059104927,1880,3184,699927,807661,True
1078,0.04500710139940355,123,755,141295,161386,True
1079,0.04478206589240653,7795,8559,375489,444992,True
1080,0.0445581555629445,3336,5378,2111919,2531883,True
1082,0.04411368796120413,491,901,379924,439529,True
1084,0.04367365392379111,384,1442,952129,1129230,True
1085,0.04345528565417216,376,1310,371396,447218,True
1087,0.04302181917977179,7792,10026,1581909,1884603,True
1088,0.042806710083872934,11216,13474,4751637,5445003,True
1089,0.04259267653345357,1363,1725,325084,375265,True
1090,0.0423797131507863,708,1168,119938,144355,True
1091,0.04216781458503237,25664,27532,2744070,3266015,True
1092,0.041956975512107204,881,1420,130642,148253,True
1093,0.04174719063454667,1630,2382,347274,416952,True
1094,0.04153845468137393,18812,20010,972580,1151805,True
1095,0.04133076240796706,904,2153,404143,474045,True
1096,0.04112410859592723,616,1854,637239,761197,True
1097,0.040918488052947594,197,1876,469702,557010,True
1099,0.04051032613461944,210,1918,705748,854018,True
1100,0.04030777450394634,473,1251,252294,296737,True
1101,0.04010623563142661,11588,13546,1459456,1748863,True
1102,0.03990570445326948,3362,4511,408072,461491,True
1103,0.03970617593100313,5204,6346,670108,812181,True
1104,0.039507645051348114,668,1322,342136,395827,True
1105,0.03931010682609137,764,1222,201746,237027,True
1107,0.03891798851050111,80,800,322130,389122,True
1108,0.038723398567948604,3184,4515,1463381,1671890,True
1109,0.03852978157510886,494,892,112188,131315,True
1110,0.03833713266723332,3206,4387,461512,519123,True
1111,0.03814544700389715,1724,2498,627848,756702,True
1112,0.03795471976887767,2288,4519,989781,1145851,True
1113,0.03776494617003328,1562,2418,822013,971112,True
1114,0.03757612143918311,4004,5051,473828,541218,True
1116,0.03720129962782726,16932,18890,1459456,1748863,True
1117,0.037015293129688126,353,1786,402618,464125,True
1118,0.03683021666403968,3896,4790,596707,700398,True
1119,0.036646065580719485,1832,2987,876295,996834,True
1121,0.0362805210765518,143,779,110539,127386,True
1122,0.03609911847116904,851,1438,130642,148253,True
1123,0.03591862287881319,5408,6649,714630,813305,True
1124,0.035739029764419124,1868,2546,1223408,1406339,True
1126,0.03538253294251904,2284,4246,1473628,1764443,True
1127,0.035205620277806444,402,1026,246818,281923,True
1128,0.035029592176417414,230,994,219740,253844,True
1129,0.034854444215535324,1248,3763,974281,1154639,True
1131,0.03450677113448536,907,1463,175497,208869,True
1132,0.034334237278812935,131,619,100552,119328,True
1133,0.03416256609241887,1384,2537,771495,882242,True
1134,0.033991753261956775,566,1366,276380,316100,True
1135,0.03382179449564699,227,1420,345123,389657,True
1136,0.03365268552316875,211,770,190684,229029,True
1137,0.033484422095552906,1696,2586,368137,431043,True
1138,0.03331699998507514,312,1465,771495,882242,True
1139,0.03315041498514976,1004,2167,382480,433417,True
1140,0.03298466291022401,220,1258,659212,797090,True
1142,0.03265564089769453,472,1246,331826,385250,True
1143,0.03249236269320606,2244,3110,1556684,1784802,True
1145,0.03216825137534132,1206,2191,239598,273362,True
1146,0.03200741011846461,1462,2040,241800,290847,True
1147,0.03184737306787229,658,1776,604332,724455,True
1148,0.03168813620253293,2587,3747,378332,422300,True
1149,0.03152969552152026,7233,9161,4668634,5352497,True
1150,0.03137204704391266,1142,1912,589248,684890,True
1151,0.031215186808693094,8132,10090,1459456,1748863,True
1152,0.031059110874649628,128,774,219403,254738,True
1154,0.030749296243674996,10352,12598,3235413,3822779,True
1155,0.030595549762456622,646,1200,201970,242618,True
1156,0.03044257201364434,1984,2746,329419,374562,True
1157,0.03029035915357612,242,1463,603162,681723,True
1158,0.03013890735780824,1859,2662,296425,344002,True
1159,0.0299882128210192,1606,1986,177805,203815,True
1160,0.029838271756914104,3412,4086,776726,904282,True
1161,0.029689080398129532,433,1096,168031,190234,True
1164,0.0292459671620524,778,1196,174620,201811,True
1165,0.029099737326242138,25872,27958,2922045,3468064,True
1166,0.028954238639610927,1272,2577,837231,961597,True
1168,0.02866542010918081,209,956,219904,248061,True
1169,0.028522093008634907,758,1558,276380,316100,True
1170,0.02837948254359173,520,1687,229068,258553,True
1171,0.028237585130873773,701,1068,113087,133103,True
1173,0.027955915219193307,110,864,345888,416378,True
1174,0.02781613564309734,8832,10705,2691753,3094156,True
1176,0.027538669690057443,924,1382,201746,237027,True
1177,0.027400976341607156,2497,3652,381514,433272,True
1178,0.02726397145989912,784,1142,124127,147091,True
1179,0.027127651602599626,52454,54654,4450359,5098485,True
1180,0.02699201334458663,760,1795,451222,508918,True
1182,0.026722768011474378,3603,5061,1336522,1527693,True
1183,0.026589154171417006,588,1110,281841,337319,True
1184,0.02645620840055992,237,689,62533,72992,True
1185,0.026323927358557122,63,1054,197371,222261,True
1186,0.026192307721764337,611,1067,66080,76892,True
1187,0.026061346183155514,971,2103,488573,578991,True
1188,0.025931039452239738,7864,9910,2140239,2563019,True
1190,0.025672377333703644,4160,5415,747839,845948,True
1191,0.025544015447035127,3224,4078,1346947,1543283,True
1192,0.025416295369799953,683,1141,258292,303209,True
1193,0.025289213892950954,1784,2817,346422,394326,True
1194,0.0251627678234862,907,2753,1143341,1394117,True
1195,0.025036953984368768,871,1807,563048,683702,True
1196,0.024911769214446922,2076,2606,209373,249510,True
1197,0.02478721036837469,206,778,170070,196628,True
1198,0.024663274316532816,1006,1420,140508,162451,True
1199,0.02453995794495015,331,671,62198,71302,True
1200,0.0244172581552254,16816,19062,3235413,3822779,True
1203,0.02405282752510139,544,1074,294069,352419,True
1205,0.023812900570538503,1220,1906,207936,237035,True
1206,0.02369383606768581,1166,1880,286776,345266,True
1207,0.023575366887347383,7951,9051,488573,578991,True
1208,0.023457490052910646,1739,2711,322661,382196,True
1209,0.023340202602646094,56434,58284,4414860,5062122,True
1210,0.023223501589632864,94,608,117363,140036,True
1212,0.022991847161276276,1864,2606,530971,621043,True
1213,0.022876887925469894,1283,2458,378332,422300,True
1214,0.022762503485842543,14568,15514,1578619,1809294,True
1215,0.02264869096841333,440,842,109955,131511,True
1216,0.022535447513571265,723,2578,704449,849349,True
1217,0.02242277027600341,7103,8955,827925,1001613,True
1218,0.022310656424623394,413,734,75482,87902,True
1219,0.022199103142500277,3968,5219,813624,932577,True
1220,0.022088107626787774,26256,28498,3178773,3760523,True
1221,0.021977667088653834,976,1506,294069,352419,True
1222,0.021867778753210564,804,1334,446943,512219,True
1223,0.021758439859444513,13496,15446,1880247,2265872,True
1224,0.021649647660147292,3588,4622,645040,781510,True
1226,0.021433692424737322,15812,17770,1459456,1748863,True
1228,0.021219891342800567,700,2563,621508,728544,True
1230,0.021008222926656134,268,742,189062,228151,True
1231,0.02090318181202285,2824,4822,1896879,2294507,True
1232,0.020798665902962737,635,1205,495945,600469,True
1234,0.020591199210580682,1326,1772,169291,204231,True
1235,0.020488243214527777,656,1530,616147,700557,True
1236,0.020385801998455137,15908,17866,1459456,1748863,True
1237,0.02028387298846286,5256,6446,2352280,2702449,True
1238,0.020182453623520547,6546,7294,875344,1043496,True
1239,0.020081541355402945,10360,12270,4422711,5072432,True
1240,0.01998113364862593,1257,1955,332582,401812,True
1241,0.0198812279803828,1972,2570,216278,256882,True
1243,0.019682912731278483,25966,27124,2383508,2741457,True
1245,0.01948657567678398,980,1532,114195,134450,True
1246,0.01938914279840006,394,892,286675,342292,True
1247,0.019292197084408057,481,1255,249822,287881,True
1248,0.01919573609898602,1336,2138,424891,494093,True
1249,0.019099757418491087,3270,5094,821052,983644,True
1250,0.01900425863139863,13576,15522,1851927,2234736,True
1251,0.01890923733824164,460,1498,659212,797090,True
1252,0.01881469115155043,234,560,81599,96839,True
1253,0.01872061769579268,1144,2276,326260,384525,True
1254,0.018627014607313714,380,1002,357744,431683,True
1255,0.018533879534277146,1414,2182,276380,316100,True
1256,0.01844121013660576,730,1282,194882,234824,True
1257,0.018349004085922733,448,1651,931135,1061098,True
1258,0.01825725906549312,530,1000,124451,147830,True
1259,0.018165972770165652,1058,1456,129146,155469,True
1260,0.018075142906314824,7008,9525,1348809,1618255,True
1261,0.01798476719178325,2252,3415,410255,462860,True
1262,0.017894843355824336,1236,2636,377901,442429,True
1264,0.01771634229334999,3244,4477,518696,592817,True
1265,0.01762776058188324,2744,4057,1337821,1532362,True
1266,0.01753962177897382,1848,2598,530971,621043,True
1268,0.017364664051728557,4232,4942,559843,671219,True
1269,0.017277840731469915,2441,3642,378332,422300,True
1270,0.017191451527812564,348,1334,590200,717246,True
1271,0.0171054942701735,5488,7570,2865405,3405808,True
1273,0.016934866964828522,2744,3998,1193367,1432909,True
1274,0.01685019263000438,882,1567,206435,246676,True
1275,0.016765941666854356,1282,2461,356712,404531,True
1276,0.016682111958520086,1612,3434,1100955,1339276,True
1277,0.016598701398727485,6982,8904,1455572,1744407,True
1279,0.01643312935227518,390,884,293351,347368,True
1280,0.016350963705513803,1660,2282,357744,431683,True
1281,0.016269208886986235,161,907,276038,330500,True
1284,0.016026388910696857,667,1361,321090,378886,True
1285,0.015946256966143373,356,982,191911,217934,True
1286,0.015866525681312655,210,1200,438420,527660,True
1287,0.01578719305290609,3468,5257,770169,919676,True
1289,0.01562971580220335,1794,3615,596364,700714,True
1290,0.015551567223192335,1012,1662,557270,647130,True
1291,0.015473809387076373,2944,5553,4687713,5380138,True
1292,0.01539644034014099,17153,19050,850138,991089,True
1293,0.015319458138440286,668,1290,357744,431683,True
1294,0.015242860847748086,368,1529,417830,487161,True
1296,0.015090813310791798,1688,2178,230581,265730,True
1297,0.015015359244237839,3472,4806,1644933,1945474,True
1299,0.014865581035776565,1888,2950,1008769,1191486,True
1301,0.014717296864944693,386,700,81599,96839,True
1303,0.01457049182871687,474,1024,194882,234824,True
1304,0.014497639369573287,6425,6993,744278,886257,True
1305,0.01442515117272542,13168,14498,1588293,1883218,True
1306,0.014353025416861792,1820,2506,571442,662710,True
1307,0.014281260289777482,3242,4998,760588,918282,True
1308,0.014209853988328594,3872,4422,458773,540931,True
1309,0.01413880471838695,148,638,154290,183299,True
1310,0.014068110694795015,837,1533,276038,330500,True
1311,0.01399777014132104,1904,3177,492917,582642,True
1312,0.013927781290614434,380,1002,357744,431683,True
1313,0.013858142384161361,4656,5889,612920,707393,True
1315,0.01371990741387935,15686,17606,1081044,1280791,True
1316,0.013651307876809954,8528,9506,1056171,1208166,True
1317,0.013583051337425904,83,663,163931,196288,True
1318,0.013515136080738774,1682,2342,278452,324699,True
1319,0.01344756040033508,956,1590,244598,288018,True
1320,0.013380322598333405,5234,5782,209082,241637,True
1322,0.01324685388041503,3217,3735,352161,407256,True
1323,0.013180619611012955,2720,3640,345673,399059,True
1324,0.01311471651295789,129,615,97005,115428,True
1326,0.012983897215741134,12924,14354,1564077,1854845,True
1328,0.012854382841014117,51314,53895,4582051,5243876,True
1329,0.012790110926809047,5904,6738,446163,523243,True
1330,0.012726160372175001,123,1142,323154,365238,True
1331,0.012662529570314126,1216,2521,526997,621970,True
1333,0.012536220837850243,934,1928,445508,535454,True
1334,0.012473539733660992,92,648,271452,325882,True
1335,0.012411172034992687,3422,4593,354202,398831,True
1336,0.012349116174817723,443,1075,141295,161386,True
1338,0.012225933740973915,4960,7475,974281,1154639,True
1339,0.012164804072269046,451,986,102322,117117,True
1340,0.0121039800519077,547,1046,84167,95721,True
1341,0.012043460151648162,2374,4294,1081044,1280791,True
1342,0.011983242850889921,135,701,401618,476486,True
1343,0.011923326636635471,712,1174,214620,250687,True
1344,0.011863710003452294,152,710,152807,182502,True
1346,0.011745369496167857,956,2198,1548519,1836989,True
1348,0.011628209435443583,30,556,117363,140036,True
1349,0.011570068388266365,3637,5341,720290,872182,True
1350,0.011512218046325033,1648,2680,415681,485262,True
1351,0.011454656956093408,428,1050,357744,431683,True
1352,0.011397383671312942,8896,10147,813624,932577,True
1353,0.011340396752956377,343,1326,371284,446558,True
1354,0.011283694769191594,297,819,282385,333845,True
1355,0.011227276295345636,286,2142,736372,889909,True
1356,0.011171139913868908,376,1618,665559,792333,True
1358,0.011059707793228067,2110,2712,201970,242618,True
1359,0.011004409254261927,817,1755,285034,338968,True
1360,0.010949387207990617,347,923,128819,152824,True
1361,0.010894640271950664,246,712,117363,140036,True
1362,0.010840167070590911,18024,18874,1318627,1512147,True
1363,0.010785966235237957,704,1482,334298,394106,True
1365,0.010678376222041458,26524,27618,2390668,2746402,True
1366,0.01062498434093125,6652,8614,1473628,1764443,True
1367,0.010571859419226594,2592,3737,454638,516158,True
1368,0.01051900012213046,170,1160,438420,527660,True
1369,0.010466405121519808,4312,6262,1880247,2265872,True
1372,0.010310192716780483,3448,4721,623599,731197,True
1373,0.01025864175319658,568,1694,1027455,1236114,True
1374,0.010207348544430598,3152,4452,402117,470802,True
1376,0.010105530242699902,7272,8921,1071705,1282761,True
1377,0.010055002591486402,415,873,629267,725517,True
1378,0.01000472757852897,11206,13787,4582051,5243876,True
1379,0.009954703940636325,66782,68732,4681940,5367063,True
1380,0.009904930420933144,20384,21907,1810829,2065933,True
1381,0.009855405768828478,996,1540,114195,134450,True
1382,0.009806128739984335,2176,3889,1671825,1976273,True
1383,0.009757098096284413,1641,2115,245345,292056,True
1385,0.009659771042773976,9424,10478,666017,787966,True
1386,0.009611472187560106,2227,4266,2843937,3374712,True
1387,0.009563414826622305,190,1312,611420,732249,True
1388,0.009515597752489193,339,1130,163264,185805,True
1389,0.009468019763726748,1830,3527,2451729,2809125,True
1390,0.009420679664908114,1468,1910,189062,228151,True
1391,0.009373576266583574,288,898,197196,234642,True
1392,0.009326708385250657,1868,3732,839108,1003680,True
1393,0.009280074843324404,2206,2732,376466,445303,True
1394,0.009233674469107783,468,926,241618,284579,True
1395,0.009187506096762244,2332,3394,2356588,2707074,True
1396,0.009141568566278433,183,785,187763,223482,True
1397,0.009095860723447041,662,976,83649,97451,True
1398,0.009050381419829806,416,1096,137156,156943,True
1399,0.009005129512730657,706,1729,431950,484946,True
1400,0.008960103865167005,944,2219,597717,697234,True
1402,0.008870726829111964,8006,8584,356986,424322,True
1403,0.008826373194966404,464,1898,737757,872445,True
1404,0.008782241328991571,25736,27034,2564343,2952109,True
1405,0.008738330122346613,123,625,69995,80141,True
1408,0.008607909452979325,1088,2869,643825,736017,True
1409,0.008564869905714428,1412,1870,201746,237027,True
1410,0.008522045556185857,552,1755,369399,420426,True
1411,0.008479435328404927,3444,5382,4442464,5103007,True
1412,0.008437038151762902,2450,3485,360359,402997,True
1413,0.008394852961004087,2512,4961,4487721,5144015,True
1414,0.008352878696199066,5508,7367,607336,712964,True
1415,0.00831111430271807,5992,6858,731515,876206,True
1416,0.00826955873120448,1217,1868,197935,223642,True
1417,0.008228210937548459,2816,4650,1743711,2112904,True
1418,0.008187069882860717,1376,2422,736129,876862,True
1419,0.008146134533446413,416,930,166979,198082,True
1420,0.008105403860779181,623,1769,407425,486557,True
1421,0.008064876841475286,33472,35347,2796553,3208748,True
1422,0.008024552457267908,1764,2382,343572,416103,True
1423,0.007984429694981568,868,1314,203234,243731,True
1424,0.007944507546506661,272,1465,471270,544793,True
1426,0.007865261083730257,152,858,531523,640083,True
1427,0.007825934778311606,4072,5322,1165047,1401773,True
1428,0.007786805104420048,25728,27475,2630641,3011953,True
1429,0.007747871078897948,144,1285,365983,413186,True
1430,0.007709131723503458,1856,2538,359805,431774,True
1431,0.0076705860648859404,84,702,343572,416103,True
1432,0.007632233134561511,706,2111,587247,682503,True
1433,0.007594071968888704,7624,8678,949657,1120374,True
1434,0.00755610160904426,383,954,120250,135769,True
1435,0.007518321100999039,2566,5116,763555,882468,True
1436,0.0074807294954940436,429,973,134140,157717,True
1437,0.007443325848016573,1388,2689,802119,918133,True
1438,0.00740610921877649,131,578,69995,80141,True
1441,0.007295572112922599,6420,7322,815053,963663,True
1442,0.007259094252357987,1104,3242,1895805,2283728,True
1443,0.007222798781096197,14027,16202,1842930,2219483,True
1445,0.0071507513632547625,4508,5122,411154,493974,True
1446,0.0071149976064384885,8056,8940,398403,466598,True
1447,0.007079422618406296,2574,3548,1444440,1718120,True
1448,0.007044025505314264,3270,5094,821052,983644,True
1449,0.0070088053777876925,1688,2426,474331,558787,True
1450,0.006973761350898754,7076,9034,1459456,1748863,True
1451,0.00693889254414426,2638,3720,1498623,1777126,True
1452,0.006904198081423539,481,773,62198,71302,True
1453,0.006869677091016421,676,1384,231330,276116,True
1454,0.006835328705561339,1078,2100,2338532,2687038,True
1455,0.006801152062033532,3250,4469,498362,567131,True
1456,0.006767146301723365,928,1662,738141,850686,True
1457,0.006733310570214748,592,1020,82915,96480,True
1458,0.006699644017363674,649,1246,197935,223642,True
1459,0.006666145797276856,16184,18230,2140239,2563019,True
1460,0.006632815068290472,2626,3807,461512,519123,True
1461,0.006599650992949019,14768,16758,1837767,2223395,True
1462,0.0065666527379842745,3343,5242,853685,994989,True
1464,0.006501150376922881,1065,2757,2447733,2804009,True
1465,0.006468644625038266,614,1736,611420,732249,True
1466,0.006436301401913074,896,1590,539083,646283,True
1467,0.006404119894903509,928,1470,322389,383555,True
1468,0.006372099295428991,18208,19571,1244503,1415813,True
1469,0.006340238798951846,848,2145,931573,1096754,True
1471,0.006276994916932302,1639,2143,226728,266062,True
1472,0.00624560994234764,472,1726,1193367,1432909,True
1473,0.0062143818926359016,424,986,166979,198082,True
1474,0.006183309983172722,2696,3598,883921,1041019,True
1475,0.006152393433256858,156,646,201746,237027,True
1476,0.006121631466090574,528,1012,142955,168110,True
1477,0.006091023308760121,22052,24010,1459456,1748863,True
1478,0.00606056819221632,239,832,106655,122930,True
1479,0.006030265351255238,689,1116,83568,97278,True
1480,0.006000114024498962,210,930,338800,408584,True
1481,0.005970113454376467,1360,2486,2371911,2722186,True
1482,0.005940262887104584,556,1602,991372,1196066,True
1483,0.005910561572669061,260,950,232408,267251,True
1484,0.005881008764805716,217,1109,473032,554118,True
1485,0.005851603720981688,476,1078,251612,296826,True
1486,0.00582234570237678,2384,3070,388125,462910,True
1487,0.005793233973864896,35,342,50661,60536,True
1488,0.0057642678039955715,1448,2609,771495,882242,True
1490,0.005706769232650716,10592,13137,4575177,5240911,True
1491,0.005678235386487462,2677,3155,325745,388648,True
1492,0.005649844209555025,2242,4663,4447689,5095107,True
1493,0.00562159498850725,1222,3060,2849084,3385436,True
1494,0.005593487013564714,599,1207,1161324,1332279,True
1495,0.005565519578496891,3272,4686,778389,932341,True
1496,0.005537691980604406,887,1247,154623,182991,True
1498,0.005482453503097877,4024,5166,1572735,1865362,True
1499,0.005455041235582388,824,1966,1572735,1865362,True
1500,0.005427766029404476,504,1136,137156,156943,True
1501,0.005400627199257453,214,694,117363,140036,True
1502,0.005373624063261166,418,1455,431950,484946,True
1504,0.005320022163230136,3424,5139,485649,563857,True
1506,0.005266954942151915,347,727,108673,123834,True
1507,0.005240620167441156,601,1119,423998,485666,True
1508,0.0052144170666039505,312,910,164563,190474,True
1509,0.005188344981270931,2608,3234,331436,391394,True
1510,0.005162403256364577,5460,7642,2841189,3377435,True
1511,0.005136591240082753,728,1578,635611,765614,True
1512,0.0051109082838823395,26201,28111,3095770,3668017,True
1513,0.005085353742462928,2540,3775,623496,707409,True
1515,0.00503462733888186,1267,2086,218865,247466,True
1516,0.005009454202187451,18184,20226,2111919,2531883,True
1517,0.004984406931176514,972,2157,343688,398929,True
1518,0.004959484896520631,412,2342,1326172,1606523,True
1519,0.004934687472038028,144,842,510763,615147,True
1520,0.004910014034677838,3312,3890,369351,426278,True
1521,0.004885463964504448,2288,3592,458757,533058,True
1522,0.004861036644681926,803,1402,141295,161386,True
1523,0.004836731461458516,1384,1898,166979,198082,True
1524,0.004812547804151223,12932,13990,1522480,1809734,True
1525,0.004788485065130467,835,1881,251563,283289,True
1526,0.004764542639804815,178,2037,525860,622567,True
1527,0.004740719926605791,2636,4626,4699996,5387099,True
1528,0.004717016326972762,2191,3994,593693,697842,True
1529,0.004693431245337898,227,1510,661364,761765,True
1530,0.004669964089111208,316,1474,1061380,1282269,True
1531,0.0046466142686656525,1736,2330,310584,376067,True
1533,0.004600264291335713,414,884,141835,170252,True
1535,0.004554376655029639,1784,2422,468084,544474,True
1537,0.004508946747895718,7328,9875,4679977,5355503,True
1538,0.00448640201415624,2544,3961,597005,708173,True
1539,0.004463970004085459,4144,4930,529171,623051,True
1540,0.004441650154065032,1332,1792,591906,679481,True
1541,0.004419441903294707,440,930,198958,235367,True
1542,0.004397344693778234,5788,6554,461832,557214,True
1543,0.004375357970309342,1468,2250,278563,317469,True
1545,0.004331713774555507,13008,14337,1358581,1557298,True
1546,0.004310055205682729,977,1723,519398,599012,True
1547,0.004288504929654315,1050,1450,129146,155469,True
1548,0.004267062405006043,256,1667,442573,516061,True
1549,0.004245727092981013,308,745,50232,57459,True
1550,0.004224498457516108,1018,1416,129733,148646,True
1551,0.004203375965228527,980,1602,191947,222558,True
1552,0.004182359085402384,39,1151,274564,324237,True
1554,0.004140640053525496,5226,5794,454947,523124,True
1555,0.004119936853257868,971,2870,853685,994989,True
1557,0.004078840483146621,732,1770,659212,797090,True
1558,0.004058446280730888,185,785,171950,204969,True
1559,0.004038154049327233,6728,7978,1165047,1401773,True
1560,0.004017963279080597,3258,5074,719383,866788,True
1561,0.003997873462685194,478,974,168099,195940,True
1562,0.003977884095371768,8434,10350,1073956,1272997,True
1563,0.003957994674894909,15646,16800,758876,890169,True
1566,0.0038989211096227675,3372,4605,518696,592817,True
1567,0.0038794265040746536,3344,4194,582547,680619,True
1568,0.0038600293715542805,7712,8626,848041,1003699,True
1569,0.003840729224696509,1628,2290,285496,333571,True
1570,0.0038215255785730264,666,1300,1198264,1378509,True
1572,0.00378340586092676,25972,28158,2897829,3439691,True
1573,0.0037644888316221265,6736,7814,972615,1171850,True
1574,0.0037456663874640157,9664,10995,1097047,1257893,True
1575,0.0037269380555266956,496,972,82915,96480,True
1576,0.003708303365249062,6416,8981,1095713,1297866,True
1577,0.0036897618484228165,1036,1630,203062,238130,True
1580,0.0036346916916148745,9064,10314,1165047,1401773,True
1581,0.0036165182331568003,268,1459,516680,592209,True
1582,0.0035984356419910164,2480,4193,2491761,2858033,True
1583,0.0035804434637810613,20976,22434,1754205,2080013,True
1584,0.003562541246462156,241,820,130642,148253,True
1585,0.0035447285402298453,526,2286,1716676,2080020,True
1586,0.003527004897528696,1718,2056,208711,247837,True
1588,0.0034918230236758475,3552,4729,513734,597753,True
1589,0.0034743639085574683,82,598,99039,116048,True
1590,0.003456992089014681,752,1254,388982,446015,True
1591,0.0034397071285696074,5132,6296,2328062,2672307,True
1592,0.0034225085929267592,979,1473,234691,274429,True
1593,0.0034053960499621254,11200,13075,2796553,3208748,True
1594,0.0033883690697123145,1162,1564,140508,162451,True
1595,0.003371427224363753,157,1853,682480,824930,True
1597,0.003337797237800725,2774,3955,461512,519123,True
1598,0.003321108251611721,12704,15251,4679977,5355503,True
1599,0.0033045027103536626,152,858,531523,640083,True
1600,0.003287980196801894,189,1197,202586,228182,True
1601,0.0032715402958178844,46,1071,218822,248410,True
1602,0.003255182594338795,516,1579,405636,462530,True
1603,0.003238906681367101,6912,7970,952129,1129230,True
1604,0.0032227121479602655,7184,9315,673149,786448,True
1606,0.003190565594284362,149,519,107203,128625,True
1607,0.00317461276631294,2677,3231,343680,409756,True
1610,0.0031272312739491237,1740,2256,422410,483979,True
1611,0.003111595117579378,566,984,156994,188199,True
1612,0.0030960371419914813,1516,2278,363944,436414,True
1613,0.003080556956281524,488,1286,230299,269829,True
1614,0.0030651541715001162,2255,4089,4412189,5059250,True
1615,0.0030498284006426155,532,1130,268970,323086,True
1616,0.0030345792586394024,5888,7763,2796553,3208748,True
1617,0.003019406362346205,4504,5354,635611,765614,True
1618,0.003004309330534474,3278,4012,609792,736666,True
1619,0.0029892877838818017,470,1060,156066,180307,True
1620,0.0029743413449623926,809,1273,212265,256832,True
1621,0.0029594696382375806,1522,3690,1167351,1413573,True
1622,0.0029446722900463925,57184,59825,4835169,5538058,True
1623,0.0029299489285961604,5770,7494,2733780,3255810,True
1624,0.0029152991839531796,144,778,251390,300346,True
1625,0.0029007226880334138,547,1063,270801,323331,True
1627,0.0028717879792202806,849,1366,187729,223555,True
1631,0.002814781553733636,7817,8411,315400,374092,True
1633,0.002786704107735143,878,1432,201970,242618,True
1634,0.002772770587196467,971,2870,853685,994989,True
1635,0.0027589067342604847,3304,4529,553808,636281,True
1636,0.002745112200589182,1868,3830,1473628,1764443,True
1637,0.002731386639586236,5170,7013,2481291,2843302,True
1638,0.002717729706388305,176,878,524509,620286,True
1639,0.0027041410578563635,131,613,271413,321595,True
1640,0.0026906203525670818,1547,2346,318231,358858,True
1641,0.0026771672508042466,222,680,112188,131315,True
1642,0.0026637814145502254,1336,2058,804163,954707,True
1643,0.0026504625074774742,2662,3278,328706,388658,True
1644,0.0026372101949400867,706,2624,1073956,1272997,True
1645,0.0026240241439653865,15628,16250,504563,581170,True
1648,0.002584860255613685,1124,1750,175768,204995,True
1651,0.002546280893191119,1366,3286,1081044,1280791,True
1652,0.002533549488725163,1104,3236,890749,1061584,True
1653,0.0025208817412815374,15616,16178,453674,519369,True
1654,0.00250827733257513,744,1916,411615,479378,True
1655,0.002495735945912254,539,1731,378332,422300,True
1656,0.0024832572661826926,880,2097,437912,513505,True
1657,0.0024708409798517793,566,1350,152612,174420,True
1658,0.0024584867749525203,1708,2490,557736,667806,True
1659,0.0024461943410777577,1248,2529,856280,975905,True
1660,0.002433963369372369,117,685,160384,192388,True
1661,0.0024217935525255073,7961,9057,485026,575091,True
1662,0.0024096845847628797,648,1059,80261,93299,True
1663,0.0023976361618390655,4218,4940,436688,529384,True
1664,0.00238564798102987,676,1384,192717,223574,True
1665,0.002373719741124721,304,918,324373,382845,True
1666,0.0023618511424190972,451,1034,102322,117117,True
1668,0.0023382916772734666,1276,1794,121305,142202,True
1669,0.0023266002188870993,7700,9466,1112008,1354820,True
1670,0.002314967217792664,2242,3265,431950,484946,True
1671,0.002303392381703701,2126,2716,250914,303050,True
1672,0.002291875419795182,128,794,230210,268575,True
1673,0.0022804160426962063,3252,3878,509588,615591,True
1675,0.002257668892670312,1202,1672,124451,147830,True
1676,0.0022463805482069604,388,834,203234,243731,True
1677,0.0022351486454659257,736,1422,388125,462910,True
1678,0.002223972902238596,241,632,80353,92698,True
1679,0.002212853037727403,1144,1506,151491,181399,True
1680,0.002201788772538766,25936,26974,2323600,2667038,True
1681,0.002190779828676072,8432,9874,1208925,1450765,True
1682,0.002179825929532692,26044,27250,2460676,2832605,True
1683,0.0021689267998850283,821,1219,192632,234065,True
1684,0.002158082165885603,380,974,254798,307506,True
1685,0.002147291755056175,314,1154,549373,656488,True
1687,0.00212587251979949,5299,5807,438136,502416,True
1689,0.00210466694141449,1627,2374,219904,248061,True
1690,0.0020941436067074175,2804,3420,346762,408694,True
1691,0.0020836728886738805,10400,12931,3107113,3671023,True
1692,0.002073254524230511,7816,8718,883921,1041019,True
1694,0.0020525738103513115,14102,14740,1205352,1386303,True
1696,0.0020320993865930574,454,1222,276380,316100,True
1697,0.002021938889660092,2416,3102,388125,462910,True
1698,0.0020118291952117917,6016,7889,2691753,3094156,True
1699,0.0020017700492357326,1648,3894,3235413,3822779,True
1700,0.001991761198989554,366,942,117733,137633,True
1701,0.001981802392994606,836,2115,466841,536398,True
1702,0.001971893381029633,1961,2541,188664,228052,True
1703,0.0019620339141244846,1366,2130,219740,253844,True
1705,0.001942462625831093,1007,1501,180700,217268,True
1707,0.0019230865611384279,641,1664,443966,522238,True
1708,0.0019134711283327356,2720,5363,4939969,5652650,True
1710,0.0018943842538276165,249,777,160384,192388,True
1711,0.0018849123325584785,1544,2286,530971,621043,True
1712,0.0018754877708956862,1041,2040,251563,283289,True
1713,0.0018661103320412077,51554,53444,4344356,4983975,True
1714,0.0018567797803810016,384,1593,446623,516522,True
1715,0.0018474958814790965,26488,27662,2426751,2786450,True
1716,0.001838258402071701,772,1839,580644,656418,True
1717,0.0018290671100613424,1280,2202,368137,431043,True
1718,0.0018199217745110358,55,551,100552,119328,True
1720,0.001801768054810288,768,2947,689781,815083,True
1721,0.0017927592145362365,6144,7377,681272,782017,True
1722,0.0017837954184635554,15590,16774,645788,747577,True
1723,0.0017748764413712376,360,1098,474331,558787,True
1724,0.0017660020591643813,2676,3182,330277,391854,True
1725,0.0017571720488685594,1531,2089,232041,280181,True
1726,0.0017483861886242165,934,3337,846793,1008835,True
1727,0.0017396442576810955,4008,4578,256308,305754,True
1728,0.00173094603639269,9792,10993,826335,946506,True
1729,0.0017222913062107266,8168,10019,2641537,3027044,True
1730,0.001713679849679673,398,892,258929,302686,True
1731,0.0017051114504312746,838,2758,1081044,1280791,True
1732,0.0016965858931791181,325,1453,485026,575091,True
1733,0.0016881029637132226,920,1602,258979,297298,True
1734,0.0016796624488946564,906,1494,750496,893029,True
1736,0.0016629078159669322,1506,2630,799980,966055,True
1737,0.0016545932768870974,674,1595,549742,669136,True
1738,0.001646320310502662,3744,4426,359805,431774,True
1739,0.0016380887089501486,2368,3579,671974,769977,True
1742,0.0016136400302079789,3244,3734,348434,399779,True
1744,0.0015975439709066544,16496,17827,1463381,1671890,True
1745,0.0015895562510521211,734,1136,136234,163263,True
1746,0.0015816084697968605,532,1418,504955,594678,True
1747,0.001573700427447876,9128,11134,2919855,3474155,True
1748,0.0015658319253106367,892,1556,354578,415246,True
1750,0.001550212751855663,1400,2555,876295,996834,True
1751,0.0015424616880963847,10328,12346,4464399,5127499,True
1752,0.0015347493796559028,9016,10270,1193367,1432909,True
1753,0.0015270756327576233,512,1763,813624,932577,True
1754,0.0015194402545938353,5184,5882,496189,589150,True
1755,0.001511843053320866,607,1030,165965,190162,True
1756,0.0015042838380542618,482,1032,194882,234824,True
1757,0.0014967624188639904,13072,14406,1644933,1945474,True
1758,0.0014892786067696704,932,1530,268970,323086,True
1761,0.0014670509374038073,17088,18178,1379137,1589774,True
1762,0.0014597156827167882,427,719,62198,71302,True
1763,0.0014524171043032042,562,1585,431950,484946,True
1764,0.0014451550187816883,236,1402,825124,993885,True
1765,0.00143792924368778,5428,6518,2376496,2730822,True
1766,0.001430739597469341,165,1859,682480,824930,True
1767,0.0014235858994819943,331,671,62198,71302,True
1768,0.0014164679699845844,8726,9464,441792,526970,True
1769,0.0014093856301346614,6701,8456,1082152,1316376,True
1770,0.0014023387019839882,94,492,152659,175596,True
1771,0.0013953270084740683,1552,2870,1099653,1316226,True
1772,0.0013883503734316979,268,890,357744,431683,True
1773,0.0013814086215645394,4408,6454,2140239,2563019,True
1774,0.0013745015784567167,1052,3090,2798337,3326444,True
1775,0.0013676290705644332,9088,10915,1397257,1658412,True
1779,0.0013404809505539622,1706,2824,604332,724455,True
1780,0.0013337785458011923,3040,5561,1979337,2376783,True
1781,0.0013271096530721863,1650,2829,356712,404531,True
1782,0.0013204741048068254,1667,3470,593693,697842,True
1783,0.0013138717342827913,1606,2328,345888,416378,True
1784,0.0013073023756113775,576,1106,294069,352419,True
1785,0.0013007658637333205,7064,8254,1080831,1293682,True
1786,0.0012942620344146539,676,2580,796628,961203,True
1787,0.0012877907242425806,2044,2810,461832,557214,True
1788,0.0012813517706213677,1348,3210,1199464,1451716,True
1790,0.0012685702867094196,1612,3490,2867140,3405472,True
1791,0.0012622274352758725,376,1126,530971,621043,True
1792,0.0012559162980994932,410,818,129146,155469,True
1793,0.0012496367166089956,1544,2398,663931,796750,True
1794,0.0012433885330259506,1358,1968,241800,290847,True
1795,0.0012371715903608208,6667,8473,1185821,1436594,True
1796,0.0012309857324090167,588,1448,221965,257439,True
1797,0.0012248308037469716,209,675,59991,68125,True
1798,0.0012187066497282369,1220,3190,3112960,3687039,True
1799,0.0012126131164795957,332,1106,627848,756702,True
1800,0.0012065500508971977,2864,4322,1754205,2080013,True
1801,0.0012005173006427118,1144,1602,186300,219551,True
1802,0.0011945147141394982,1660,2426,461832,557214,True
1803,0.0011885421405688006,2680,4147,1508357,1726309,True
1804,0.0011825994298659565,2114,3966,4414860,5062122,True
1805,0.0011766864327166268,323,1337,251563,283289,True
1806,0.0011708030005530437,1164,2209,234828,267834,True
1808,0.001159124240622527,919,1401,295858,351780,True
1809,0.0011533286194194143,1312,3295,615111,726115,True
1810,0.0011475619763223173,656,1114,152701,177858,True
1811,0.0011418241664407057,2036,2522,211137,243255,True
1812,0.001136115045608502,766,1168,136234,163263,True
1814,0.001124782298028557,25793,27721,4668634,5352497,True
1816,0.001113562594605722,347,794,69995,80141,True
1817,0.0011079947816326934,8096,9010,848041,1003699,True
1818,0.00110245480772453,2192,3038,604819,725638,True
1819,0.0010969425336859074,592,1142,211837,243618,True
1820,0.0010914578210174778,5368,7217,2536737,2912452,True
1821,0.0010860005319123904,968,1366,126134,149074,True
1822,0.0010805705292528285,536,1004,82915,96480,True
1823,0.0010751676766065643,2069,2517,132117,158892,True
1824,0.0010697918382235314,122,474,52946,62150,True
1825,0.0010644428790324138,394,982,138578,163490,True
1826,0.0010591206646372517,692,1298,336984,406747,True
1827,0.0010538250613140654,587,1085,416192,477207,True
1828,0.001048555936007495,1602,2743,752223,858270,True
1829,0.0010433131563274576,736,1164,82915,96480,True
1830,0.0010380965905458204,1456,2929,1462669,1682829,True
1831,0.0010329061075930912,901,1869,319114,378296,True
1832,0.0010277415770551257,10454,12875,4447689,5095107,True
1833,0.00102260286916985,328,952,136130,158942,True
1835,0.0010124024055498807,374,880,117363,140036,True
1836,0.0010073403935221313,752,2179,867821,1022253,True
1837,0.0010023036915545206,932,2155,623496,707409,True
